Winner,Loser,Date
URS,TAT,13/07/2014
TAL,NOR,30/06/2015
MON,TAL,30/06/2015
TAL,GAY,01/07/2015
NOR,MON,02/07/2015
BEN,ALF,03/07/2015
BEN,KIP,04/07/2015
AKL,TAT,08/07/2015
AKL,BAH,10/07/2015
MAC,FID,20/07/2015
AKL,KID,27/07/2015
URS,DAU,03/08/2015
URS,MAC,03/08/2015
AKL,BAH,04/08/2015
AKL,BAH,04/08/2015
AKL,BAH,04/08/2015
AKL,BAH,04/08/2015
BEN,DOU,07/08/2015
KEV,FID,30/08/2015
BEN,BAH,01/09/2015
TRS,TAT,02/09/2015
AKL,SAM,14/09/2015
TAL,LOT,17/09/2015
TAL,JIN,17/09/2015
TAL,JIN,17/09/2015
TAL,JIN,17/09/2015
TAL,JIN,19/09/2015
TAL,JIN,19/09/2015
URS,MAC,01/10/2015
URS,LAF,13/10/2015
CHN,LAN,18/10/2015
BEN,ARD,30/10/2015
MAC,FID,09/12/2015
ATA,ILA,10/12/2015
ILA,SAN,10/12/2015
ATA,MAC,11/12/2015
BEN,MAC,11/12/2015
KEV,LAF,15/12/2015
MAP,LAF,15/12/2015
TRS,SAM,15/12/2015
AKL,MUG,16/12/2015
SAM,MAS,17/12/2015
TRS,MAS,17/12/2015
ATA,MAS,17/12/2015
MAC,NOR,18/12/2015
BEN,MAC,18/12/2015
BEN,MAP,21/12/2015
ALF,SAM,22/12/2015
BEN,GER,22/12/2015
ALF,BAH,22/12/2015
ALF,DAU,22/12/2015
TRS,CHP,27/12/2015
TRS,MAC,27/12/2015
TRS,JIN,27/12/2015
GER,TAT,08/01/2016
GER,MAS,08/01/2016
MAP,MUG,08/01/2016
MAP,BAH,08/01/2016
MAP,FID,08/01/2016
AKL,MAC,10/01/2016
CHN,JIN,23/01/2016
RIT,TAT,23/01/2016
ATA,NOR,27/01/2016
BEN,NOR,27/01/2016
ALF,FID,28/01/2016
TAL,ALF,04/02/2016
MAC,NEV,12/02/2016
GER,TAT,12/02/2016
DOU,NOR,15/02/2016
TRS,KID,22/02/2016
ATA,SAM,25/02/2016
BEN,SAM,25/02/2016
BEN,SAM,25/02/2016
TAL,SAM,25/02/2016
ATA,TAT,26/02/2016
URS,MAC,27/02/2016
AKL,MAC,27/02/2016
MAC,LIR,27/02/2016
MAC,LAN,27/02/2016
TAL,KID,28/02/2016
TAL,KID,28/02/2016
URS,ATA,02/03/2016
MOR,TAT,03/03/2016
MOR,TAT,03/03/2016
AKL,KAS,16/03/2016
AKL,DAU,16/03/2016
BEN,MAS,17/03/2016
URS,MAC,20/03/2016
BEN,GER,01/04/2016
BEN,TAT,01/04/2016
ALF,JIN,02/04/2016
TAL,ALF,02/04/2016
ILA,NOR,02/05/2016
ILA,NOR,02/05/2016
AKL,BAH,14/05/2016
MAC,FID,23/05/2016
RIT,AKK,27/05/2016
MON,AKL,27/05/2016
BEN,MON,28/05/2016
MON,JIN,31/05/2016
BEN,JIN,31/05/2016
ATA,JIN,31/05/2016
AKL,JIN,31/05/2016
MAC,NOR,04/06/2016
BEN,MAC,04/06/2016
AKL,JIN,06/06/2016
AKL,JIN,06/06/2016
AKL,JIN,06/06/2016
MAC,JIN,06/06/2016
BEN,KET,07/06/2016
AKL,BAH,07/06/2016
BEN,ALF,10/06/2016
BEN,JIN,15/06/2016
TAL,JIN,15/06/2016
ALF,ATA,16/06/2016
TRS,FID,18/06/2016
TRS,FID,18/06/2016
URS,LAF,18/06/2016
ALF,FID,23/06/2016
MAC,SHY,26/06/2016
MAC,SHY,26/06/2016
TAL,SHY,26/06/2016
ATA,KIP,27/06/2016
AKL,SAM,01/07/2016
ATA,NOR,04/07/2016
MAC,NOR,04/07/2016
MAC,ARD,05/07/2016
TAL,TAT,07/07/2016
MAC,ATA,10/07/2016
ALF,BAH,11/07/2016
BEN,LOT,12/07/2016
BEN,LOT,12/07/2016
BEN,LOT,18/07/2016
BEN,LOT,18/07/2016
BEN,TAT,19/07/2016
SAM,KET,02/08/2016
SAM,KET,02/08/2016
SAM,KET,02/08/2016
SAM,KET,02/08/2016
SAM,KET,02/08/2016
TAL,KET,02/08/2016
ATA,BAH,07/08/2016
KIP,TAL,27/08/2016
BEN,FID,27/08/2016
BEN,LAF,27/08/2016
TAL,TAT,30/08/2016
TAL,TAT,30/08/2016
MAC,TAT,30/08/2016
BEN,ONY,31/08/2016
BEN,FID,31/08/2016
BEN,MAC,31/08/2016
TRS,FID,03/09/2016
TRS,FID,03/09/2016
TRS,RIT,06/09/2016
TRS,NEV,06/09/2016
TRS,BAH,07/09/2016
NEV,ARU,07/09/2016
BEN,FID,15/09/2016
NOR,ATA,21/09/2016
AKK,GER,01/10/2016
BEN,MAC,03/10/2016
KID,LOT,07/10/2016
LOT,LIR,07/10/2016
MAC,TAL,07/10/2016
ILA,BEN,17/10/2016
BEN,FID,17/10/2016
ILA,BEN,17/10/2016
TAL,ALF,19/10/2016
ATA,LAF,15/11/2016
URS,ATA,15/11/2016
ATA,RAC,15/11/2016
BEN,LOT,18/11/2016
MAC,LAF,21/11/2016
MAC,LAN,21/11/2016
BEN,MAC,21/11/2016
KEV,LOT,24/11/2016
LAF,BEN,24/11/2016
BEN,NEV,25/11/2016
MAC,NEV,25/11/2016
DOU,LOT,29/11/2016
ATA,LAF,29/11/2016
ATA,BEN,01/12/2016
ATA,BAH,03/12/2016
ALF,RAC,04/12/2016
ALF,SAM,04/12/2016
BEN,SAM,04/12/2016
ALF,RAC,04/12/2016
GER,RAC,04/12/2016
BEN,MAC,05/12/2016
ATA,KET,06/12/2016
DOU,JIN,10/12/2016
ALF,ARU,13/12/2016
BEN,LOT,15/12/2016
TAL,NEV,16/12/2016
TAL,NEV,16/12/2016
BEN,LOT,17/12/2016
BEN,LOT,17/12/2016
BEN,LOT,17/12/2016
BEN,SAM,29/12/2016
BEN,DAU,29/12/2016
TRS,MAS,30/12/2016
TRS,MAS,30/12/2016
TRS,MAS,30/12/2016
MON,DOU,06/01/2017
TRS,ILA,09/01/2017
NEV,TRS,10/01/2017
URS,MUG,10/01/2017
URS,MUG,10/01/2017
URS,LAF,10/01/2017
URS,DAU,10/01/2017
URS,ALF,10/01/2017
KEV,URS,10/01/2017
ABO,JIN,11/01/2017
URS,KET,11/01/2017
TRS,MAS,12/01/2017
TRS,MAS,12/01/2017
MAC,KID,14/01/2017
MAC,TAT,14/01/2017
TAL,KET,15/01/2017
TAL,KET,15/01/2017
BEN,KET,15/01/2017
TAL,NEV,16/01/2017
GER,MON,18/01/2017
TAL,RAC,19/01/2017
BEN,NOR,20/01/2017
ATA,SAM,20/01/2017
ALF,MON,21/01/2017
KEV,MAC,23/01/2017
BEN,TRS,24/01/2017
TRS,MAS,24/01/2017
BEN,MAS,28/01/2017
BEN,MAS,28/01/2017
BEN,MAC,28/01/2017
NEV,TRS,29/01/2017
URS,SAM,29/01/2017
URS,DAU,29/01/2017
URS,SAM,29/01/2017
URS,ILA,29/01/2017
URS,KID,29/01/2017
URS,NOR,29/01/2017
KEV,TRS,06/02/2017
BEN,NOR,07/02/2017
BEN,NOR,07/02/2017
BEN,NOR,07/02/2017
BEN,NOR,07/02/2017
TRS,NOR,07/02/2017
ALF,NOR,07/02/2017
KEV,NOR,07/02/2017
ALF,NOR,07/02/2017
TAL,LOT,08/02/2017
TAL,LOT,08/02/2017
URS,BAH,08/02/2017
KEV,BAH,08/02/2017
BEN,BAH,08/02/2017
BEN,BAH,08/02/2017
GER,MAS,12/02/2017
URS,KID,12/02/2017
KEV,ONY,12/02/2017
KEV,KET,12/02/2017
BEN,PEN,12/02/2017
MAC,TAT,27/02/2017
TAL,NOR,27/02/2017
BEN,LAF,28/02/2017
BEN,GER,28/02/2017
BEN,NOR,28/02/2017
BEN,LAF,28/02/2017
KEV,SHY,02/03/2017
BEN,FID,03/03/2017
ALF,SAM,05/03/2017
TAL,ALF,05/03/2017
MAC,MUG,06/03/2017
TAL,MUG,06/03/2017
KEV,MUG,06/03/2017
BEN,MUG,06/03/2017
MUG,DAU,06/03/2017
TAL,ARD,09/03/2017
TAL,DAU,09/03/2017
BEN,LAF,09/03/2017
TAL,NOR,09/03/2017
TAL,ATA,09/03/2017
GER,LAF,12/03/2017
MOR,LAF,12/03/2017
BEN,LAF,12/03/2017
TRS,MAS,13/03/2017
TRS,FID,13/03/2017
ATA,FID,14/03/2017
BEN,MUG,15/03/2017
BEN,FID,15/03/2017
TRS,MAS,16/03/2017
TRS,MAS,16/03/2017
TRS,MAS,16/03/2017
TRS,ATA,16/03/2017
TRS,KET,16/03/2017
MAC,NOR,16/03/2017
MAC,FID,16/03/2017
URS,ATA,18/03/2017
ATA,SAM,18/03/2017
SAM,MUG,21/03/2017
URS,RAC,22/03/2017
TAL,ATA,22/03/2017
KEV,PEN,23/03/2017
BEN,MAC,23/03/2017
BEN,BAH,23/03/2017
BEN,MAC,27/03/2017
URS,KET,28/03/2017
FID,BEN,29/03/2017
FID,CHN,29/03/2017
TAL,TAT,29/03/2017
URS,FID,30/03/2017
KEV,KET,01/04/2017
BEN,ATA,01/04/2017
KEV,TRS,01/04/2017
KEV,KAS,02/04/2017
MOR,KAS,02/04/2017
KEV,KAS,02/04/2017
BEN,TAT,03/04/2017
ALF,NOR,03/04/2017
TRS,MAS,03/04/2017
BEN,NOR,03/04/2017
TRS,NOR,03/04/2017
TRS,NOR,03/04/2017
BEN,TRS,03/04/2017
NEV,BAH,03/04/2017
TRS,DAU,03/04/2017
TRS,LAF,03/04/2017
TRS,MAS,03/04/2017
TRS,ILA,03/04/2017
URS,GER,04/04/2017
GER,ILA,04/04/2017
GER,NOR,04/04/2017
URS,LAN,05/04/2017
URS,GER,05/04/2017
URS,MAS,05/04/2017
URS,ARU,05/04/2017
GER,DAU,09/04/2017
TRS,KAS,09/04/2017
BEN,TRS,09/04/2017
TRS,LIR,09/04/2017
TRS,ARD,09/04/2017
TRS,NEV,09/04/2017
TAL,LAF,10/04/2017
TAL,LAF,10/04/2017
TAL,KET,10/04/2017
BEN,NOR,10/04/2017
TAL,MAC,14/04/2017
MAC,LAN,14/04/2017
ATA,LOT,20/04/2017
TAL,LAN,21/04/2017
KEV,FID,22/04/2017
ATA,LAF,24/04/2017
TAL,DOU,25/04/2017
ALF,MON,26/04/2017
ATA,MON,26/04/2017
BEN,MAC,26/04/2017
BEN,TRS,26/04/2017
BEN,FID,26/04/2017
TRS,MUG,27/04/2017
TRS,MUG,27/04/2017
TRS,MUG,27/04/2017
TRS,MAS,28/04/2017
TRS,MAS,28/04/2017
ATA,LAF,29/04/2017
BEN,FID,30/04/2017
TRS,MAS,02/05/2017
KEV,MAC,02/05/2017
BEN,MAS,02/05/2017
KEV,MAS,02/05/2017
TRS,MAS,02/05/2017
TRS,MAS,02/05/2017
BEN,MUG,02/05/2017
BEN,TAT,02/05/2017
TRS,LOT,03/05/2017
ATA,KET,03/05/2017
BEN,LOT,03/05/2017
KEV,LOT,04/05/2017
SAM,ABO,04/05/2017
ATA,MUG,05/05/2017
TAL,LIR,06/05/2017
KEV,GER,07/05/2017
GER,LAF,08/05/2017
TRS,SAM,08/05/2017
TAL,ALF,09/05/2017
BEN,LAF,09/05/2017
ALF,FID,09/05/2017
TAL,ILA,09/05/2017
ALF,ILA,09/05/2017
ALF,ILA,09/05/2017
KEV,ALF,09/05/2017
BEN,ILA,09/05/2017
BEN,ILA,09/05/2017
TRS,ILA,09/05/2017
BEN,KET,10/05/2017
BEN,NEV,10/05/2017
ATA,LAF,10/05/2017
BEN,MAC,11/05/2017
BEN,FID,11/05/2017
URS,SAM,11/05/2017
BEN,MUG,11/05/2017
ALF,NOR,12/05/2017
BEN,LAF,13/05/2017
MAC,LIR,13/05/2017
URS,SAM,14/05/2017
ALF,KET,14/05/2017
ALF,NEV,14/05/2017
ALF,KIP,14/05/2017
KEV,MOR,16/05/2017
TAL,MOR,16/05/2017
TAL,MOR,16/05/2017
BEN,TRS,17/05/2017
BEN,NOR,17/05/2017
URS,LAF,19/05/2017
URS,LAF,19/05/2017
URS,LAF,19/05/2017
URS,MAS,19/05/2017
BEN,URS,19/05/2017
URS,LAF,19/05/2017
URS,FID,19/05/2017
ATA,BAH,21/05/2017
DOU,LAF,21/05/2017
DOU,LAF,21/05/2017
ATA,ILA,21/05/2017
BEN,LAF,21/05/2017
DOU,LAF,21/05/2017
ATA,PEN,21/05/2017
NOR,URS,22/05/2017
NOR,KEV,22/05/2017
SAM,TIB,23/05/2017
BEN,ATA,24/05/2017
BEN,NOR,24/05/2017
BEN,MAS,24/05/2017
TRS,MAS,24/05/2017
ATA,LAF,25/05/2017
BEN,URS,25/05/2017
URS,NOR,26/05/2017
ALF,NOR,26/05/2017
TAL,LAF,27/05/2017
KEV,TRS,27/05/2017
BEN,TAT,28/05/2017
DOU,BAH,31/05/2017
DOU,FID,31/05/2017
MAC,TAT,31/05/2017
URS,LAF,31/05/2017
URS,SAM,01/06/2017
KEV,SAM,01/06/2017
KEV,TRS,02/06/2017
MOR,FID,05/06/2017
TAL,GER,06/06/2017
TAL,MUG,08/06/2017
TAL,ILA,08/06/2017
BEN,MUG,12/06/2017
KEV,KET,12/06/2017
URS,FID,13/06/2017
KEV,URS,13/06/2017
BEN,PEN,14/06/2017
KEV,MAC,16/06/2017
KEV,MUG,16/06/2017
KEV,MAS,16/06/2017
KEV,LOT,16/06/2017
BEN,LOT,18/06/2017
KEV,LOT,18/06/2017
BEN,MAC,20/06/2017
BEN,CHN,20/06/2017
TAL,LOT,21/06/2017
URS,ALF,25/06/2017
BEN,MAC,26/06/2017
BEN,MUG,26/06/2017
BEN,MUG,26/06/2017
URS,ALF,30/06/2017
KEV,ALF,30/06/2017
BEN,ALF,02/07/2017
BEN,TRS,10/07/2017
TRS,KAS,10/07/2017
KEV,BEN,11/07/2017
BEN,LAN,12/07/2017
TAL,LAN,12/07/2017
MAC,LAN,12/07/2017
GER,NOR,14/07/2017
KEV,NOR,14/07/2017
GER,ARD,15/07/2017
KEV,BAH,19/07/2017
TAL,MAS,28/07/2017
BEN,MAS,30/07/2017
BEN,TIB,30/07/2017
TRS,LIR,04/08/2017
TRS,LIR,04/08/2017
DOU,NOR,05/08/2017
TRS,KET,06/08/2017
TRS,KET,06/08/2017
TRS,KET,07/08/2017
TRS,KET,07/08/2017
BEN,ARD,11/08/2017
TRS,KIP,12/08/2017
BEN,SAM,14/08/2017
BEN,NOR,14/08/2017
BEN,KET,14/08/2017
ATA,NOR,14/08/2017
ATA,NOR,14/08/2017
BEN,MUG,14/08/2017
LAF,MON,18/08/2017
DOU,TAT,19/08/2017
DOU,TAT,19/08/2017
DOU,TAT,19/08/2017
DOU,KET,19/08/2017
ALF,TAT,19/08/2017
TAL,KET,20/08/2017
TAL,KET,20/08/2017
TAL,KET,20/08/2017
TAL,KET,20/08/2017
TAL,JIN,20/08/2017
BEN,MUG,24/08/2017
BEN,MAS,24/08/2017
BEN,FID,24/08/2017
BEN,MUG,24/08/2017
MOR,SAM,24/08/2017
KEV,SAM,24/08/2017
TAL,SAM,24/08/2017
KEV,SAM,24/08/2017
URS,ABO,25/08/2017
ABO,LAN,25/08/2017
TRS,PEN,25/08/2017
BEN,MAS,31/08/2017
BEN,MAS,31/08/2017
BEN,MAS,31/08/2017
BEN,PEN,31/08/2017
BEN,LOT,31/08/2017
BEN,LOT,31/08/2017
BEN,LOT,31/08/2017
TAL,LOT,31/08/2017
TAL,FID,31/08/2017
TAL,LAF,31/08/2017
TRS,LAF,02/09/2017
TRS,LAF,02/09/2017
BEN,LAF,02/09/2017
BEN,LOT,04/09/2017
DOU,NEV,04/09/2017
BEN,NOR,05/09/2017
BEN,MAS,05/09/2017
BEN,KIP,06/09/2017
ALF,KIP,06/09/2017
LOT,TAT,07/09/2017
BEN,MAC,07/09/2017
BEN,TAT,07/09/2017
BEN,LOT,07/09/2017
BEN,NOR,11/09/2017
TRS,NOR,11/09/2017
TRS,NOR,11/09/2017
TRS,FID,12/09/2017
BEN,FID,12/09/2017
TAL,BAH,15/09/2017
BEN,MAC,16/09/2017
BEN,BAH,16/09/2017
LAN,MON,17/09/2017
BEN,MAC,20/09/2017
BEN,MAC,20/09/2017
BEN,MAC,20/09/2017
MON,JNO,22/09/2017
MAC,JNO,23/09/2017
TRS,KET,23/09/2017
BEN,KET,23/09/2017
BEN,ABO,24/09/2017
BEN,SAM,27/09/2017
TRS,LAF,27/09/2017
BEN,LAF,27/09/2017
BEN,ILA,27/09/2017
BEN,KET,27/09/2017
BEN,KEV,28/09/2017
DAU,MAS,28/09/2017
GER,MAS,28/09/2017
MAC,ABO,29/09/2017
TRS,KET,29/09/2017
BEN,ABO,29/09/2017
BEN,KET,29/09/2017
BEN,KET,29/09/2017
MAC,KET,29/09/2017
GER,KET,29/09/2017
BEN,MON,29/09/2017
TAL,JIN,30/09/2017
TAL,LIL,30/09/2017
BEN,MAC,30/09/2017
MAC,LIL,30/09/2017
TAL,LAF,30/09/2017
BEN,LAF,30/09/2017
DOU,LIR,01/10/2017
DOU,LIR,01/10/2017
TRS,ILA,04/10/2017
TRS,ILA,04/10/2017
BEN,GER,04/10/2017
MAC,LAF,04/10/2017
BEN,SAM,04/10/2017
BEN,LAF,05/10/2017
LAF,BEN,05/10/2017
BEN,LAF,05/10/2017
LAF,BEN,05/10/2017
BEN,FID,05/10/2017
ARD,TAL,05/10/2017
TAL,LOT,05/10/2017
TAL,TAT,05/10/2017
TAL,LAN,05/10/2017
TAL,ARD,05/10/2017
TAL,LAF,05/10/2017
TAL,LAF,05/10/2017
MAC,NOR,06/10/2017
BEN,NOR,06/10/2017
BEN,NOR,06/10/2017
KEV,PEN,06/10/2017
BEN,DAU,06/10/2017
TRS,SAM,07/10/2017
TRS,SAM,07/10/2017
TAL,MON,07/10/2017
BEN,DAU,07/10/2017
BEN,LOT,07/10/2017
BEN,NOR,07/10/2017
BEN,PEN,10/10/2017
BEN,NOR,10/10/2017
BEN,ILA,10/10/2017
BEN,ILA,10/10/2017
BEN,ILA,10/10/2017
TAL,LAF,11/10/2017
TAL,LAF,11/10/2017
BEN,FID,12/10/2017
FID,NOR,12/10/2017
BEN,TRS,13/10/2017
BEN,TRS,13/10/2017
MAC,BEN,13/10/2017
BEN,MAS,13/10/2017
BEN,DAU,13/10/2017
BEN,LAN,13/10/2017
ALF,LAF,13/10/2017
ALF,ILA,13/10/2017
ALF,NOR,13/10/2017
TAL,LIL,14/10/2017
TAL,LOT,14/10/2017
TAL,LOT,14/10/2017
TAL,LOT,14/10/2017
TAL,ONY,14/10/2017
MAC,PEN,17/10/2017
ABO,NEV,18/10/2017
TAL,MUG,18/10/2017
TAL,DOU,18/10/2017
TAL,LIL,18/10/2017
TAL,NOR,18/10/2017
TAL,NOR,18/10/2017
TAL,JIN,18/10/2017
BEN,KID,19/10/2017
BEN,JIN,19/10/2017
TRS,FID,19/10/2017
GER,LAF,20/10/2017
MAC,FID,21/10/2017
MAC,JIN,22/10/2017
SAM,KET,22/10/2017
BEN,MUG,23/10/2017
MUG,LIL,23/10/2017
MAC,TAT,23/10/2017
BEN,BAH,23/10/2017
ILA,TAT,23/10/2017
ALF,KID,23/10/2017
MAC,TAT,23/10/2017
SAM,KET,23/10/2017
TAL,SAM,23/10/2017
BEN,BAH,23/10/2017
ILA,JIN,25/10/2017
ILA,PEN,25/10/2017
TAL,MAC,29/10/2017
ALF,KID,29/10/2017
TRS,MUG,29/10/2017
ALF,KID,29/10/2017
TRS,MAS,29/10/2017
KEV,MAS,31/10/2017
GER,ARU,03/11/2017
BEN,MAC,09/11/2017
BEN,MUG,09/11/2017
FID,KET,09/11/2017
TAL,MON,11/11/2017
BEN,PEN,11/11/2017
KEV,PEN,11/11/2017
CHN,ARD,12/11/2017
TRS,DOU,16/11/2017
MAC,LOT,17/11/2017
LOT,KET,19/11/2017
LOT,KET,19/11/2017
BAH,KET,19/11/2017
NOR,LOT,21/11/2017
NOR,LOT,21/11/2017
MUG,LOT,21/11/2017
MAC,LOT,21/11/2017
ALF,BAH,21/11/2017
ILA,BAH,21/11/2017
ILA,BAH,21/11/2017
DAU,BAH,21/11/2017
MUG,MON,21/11/2017
BEN,MON,21/11/2017
BEN,KID,22/11/2017
GER,KID,22/11/2017
BEN,KID,22/11/2017
BEN,BAH,22/11/2017
ILA,MON,22/11/2017
DAU,TAT,23/11/2017
ILA,TAT,23/11/2017
ILA,TAT,23/11/2017
NOR,TAT,23/11/2017
BEN,MUG,23/11/2017
TAL,MAS,24/11/2017
BEN,LIL,25/11/2017
BEN,SAM,25/11/2017
BEN,NEV,25/11/2017
BEN,NOR,27/11/2017
BEN,NOR,27/11/2017
SAM,NOR,27/11/2017
GER,ILA,27/11/2017
CHN,RAC,28/11/2017
CHN,KID,28/11/2017
URS,MAC,29/11/2017
BEN,MAC,29/11/2017
TAL,SHY,29/11/2017
BEN,KID,30/11/2017
BEN,MAC,30/11/2017
ALF,MSD,01/12/2017
BEN,ALF,01/12/2017
SAM,KET,03/12/2017
NEV,TAT,03/12/2017
BEN,NOR,03/12/2017
KEV,LAF,04/12/2017
CHN,KET,04/12/2017
KEV,LOT,04/12/2017
BEN,LOT,05/12/2017
BEN,NOR,05/12/2017
BEN,MON,05/12/2017
BEN,TAT,05/12/2017
BEN,FID,05/12/2017
BEN,KEV,05/12/2017
DOU,KID,05/12/2017
LIR,KID,05/12/2017
SAM,KID,05/12/2017
BEN,MAC,05/12/2017
BEN,LOT,05/12/2017
BEN,RAC,05/12/2017
DAU,TAT,06/12/2017
BEN,LAF,06/12/2017
BEN,MAS,06/12/2017
BEN,KET,06/12/2017
LAN,NOR,07/12/2017
TAL,NOR,09/12/2017
BEN,NOR,09/12/2017
SAM,NOR,09/12/2017
BEN,NOR,09/12/2017
CHN,NOR,10/12/2017
CHN,NOR,10/12/2017
CHN,NOR,10/12/2017
CHN,JIN,10/12/2017
TAL,MUG,11/12/2017
TAL,LAF,11/12/2017
TAL,ABO,11/12/2017
TAL,ILA,11/12/2017
BEN,LOT,11/12/2017
BEN,LOT,11/12/2017
TAL,LOT,11/12/2017
BEN,KET,11/12/2017
TAL,DOU,13/12/2017
TAL,DOU,13/12/2017
ILA,KID,13/12/2017
DAU,LAF,14/12/2017
GER,LIL,21/12/2017
GER,LOT,21/12/2017
URS,MUG,03/01/2018
URS,LIL,03/01/2018
BEN,MAS,04/01/2018
BEN,AND,06/01/2018
BEN,DAU,06/01/2018
BEN,LOT,06/01/2018
BEN,AND,06/01/2018
BEN,AND,06/01/2018
BEN,AND,06/01/2018
FID,MON,07/01/2018
DAU,BAH,09/01/2018
URS,MAC,10/01/2018
MAC,RAC,10/01/2018
MAC,LOT,11/01/2018
ABO,LOT,11/01/2018
NEV,CHN,11/01/2018
FID,KET,11/01/2018
BEN,SAM,12/01/2018
ALF,MUG,16/01/2018
ALF,DAU,16/01/2018
BEN,ALF,16/01/2018
ALF,FID,16/01/2018
TAL,ALF,16/01/2018
TAL,LIR,16/01/2018
TAL,LIR,16/01/2018
BEN,NOR,18/01/2018
BEN,NOR,18/01/2018
BEN,DOU,18/01/2018
BEN,DOU,18/01/2018
DOU,LAF,18/01/2018
DOU,LAF,18/01/2018
KEV,LAN,19/01/2018
MAC,TAT,19/01/2018
KEV,FID,19/01/2018
LAF,KET,21/01/2018
BEN,KET,21/01/2018
CHN,KET,21/01/2018
BEN,ARU,21/01/2018
ABO,KET,21/01/2018
BEN,FID,22/01/2018
ALF,NEV,23/01/2018
BEN,NOR,23/01/2018
BEN,BAH,24/01/2018
TAL,LAF,25/01/2018
TAL,SAM,25/01/2018
TAL,LAF,25/01/2018
TAL,MON,25/01/2018
TAL,SAM,25/01/2018
MOR,LAF,27/01/2018
URS,ONY,27/01/2018
SAM,MON,27/01/2018
ALF,MAS,27/01/2018
ALF,MAS,27/01/2018
GER,MAS,27/01/2018
ALF,ARD,27/01/2018
TAL,ABO,27/01/2018
TAL,LOT,27/01/2018
BEN,ABO,27/01/2018
FID,ARD,27/01/2018
BEN,ARD,27/01/2018
TAL,ARD,27/01/2018
CHN,TAT,27/01/2018
TAL,DAU,27/01/2018
BEN,LOT,27/01/2018
MAC,BAH,27/01/2018
TAL,GER,27/01/2018
BEN,LOT,27/01/2018
BEN,LOT,27/01/2018
BEN,LOT,27/01/2018
BEN,ARD,27/01/2018
BEN,LAF,27/01/2018
BEN,LAN,27/01/2018
BEN,FID,27/01/2018
BEN,FID,27/01/2018
BEN,LOT,27/01/2018
BEN,FID,27/01/2018
BEN,DAU,27/01/2018
ALF,MAS,27/01/2018
BEN,JNO,28/01/2018
BEN,MUG,28/01/2018
DOU,MAS,28/01/2018
BEN,MAC,28/01/2018
TAL,TIB,28/01/2018
SAM,BEN,29/01/2018
MON,KEV,29/01/2018
BEN,LOT,30/01/2018
TAL,NOR,31/01/2018
BEN,NOR,31/01/2018
ARD,MUG,31/01/2018
MAS,TAL,01/02/2018
TAT,MON,01/02/2018
BEN,URS,01/02/2018
BEN,TAT,01/02/2018
BEN,LAF,01/02/2018
MAC,MAS,01/02/2018
BEN,MAS,01/02/2018
FID,AKK,03/02/2018
BEN,MAC,03/02/2018
MAC,DAU,03/02/2018
PEN,ONY,03/02/2018
DAU,NOR,04/02/2018
URS,TAT,04/02/2018
TAL,NOR,04/02/2018
ILA,LAF,04/02/2018
URS,ABO,04/02/2018
MAC,FID,04/02/2018
BEN,ALF,04/02/2018
TAL,URS,04/02/2018
URS,LAF,04/02/2018
GER,MAC,05/02/2018
ILA,MON,05/02/2018
MOR,NEV,08/02/2018
ASM,ARU,10/02/2018
ASM,ARU,10/02/2018
SAM,BAH,14/02/2018
MAC,LIR,15/02/2018
BEN,LIR,15/02/2018
MOR,LAN,19/02/2018
LAN,MON,19/02/2018
TAL,LAN,19/02/2018
ALF,LAF,19/02/2018
URS,KET,19/02/2018
BEN,DAU,20/02/2018
TRS,KIP,22/02/2018
ALF,MAS,22/02/2018
TRS,MAS,22/02/2018
TRS,MAS,22/02/2018
TRS,MAS,22/02/2018
BEN,NOR,22/02/2018
TAL,NOR,26/02/2018
NOR,TAL,26/02/2018
TAL,NOR,26/02/2018
TAL,NOR,26/02/2018
TAL,NOR,26/02/2018
TAL,NOR,26/02/2018
TAL,NOR,26/02/2018
TAL,LAF,26/02/2018
TAL,MAS,26/02/2018
TAL,BAH,27/02/2018
TRS,BAH,01/03/2018
MUG,LIL,10/03/2018
ALF,ARU,12/03/2018
TAL,ARU,14/03/2018
KEV,RIT,25/03/2018
BEN,FID,26/03/2018
MAC,KID,27/03/2018
GER,KID,29/03/2018
ARD,MON,31/03/2018
BEN,NEV,09/04/2018
MAC,ARD,10/04/2018
BEN,JNO,10/04/2018
BEN,LOT,10/04/2018
BEN,MAC,10/04/2018
BEN,FID,10/04/2018
BEN,LOT,12/04/2018
BEN,MON,12/04/2018
BEN,FID,12/04/2018
TAL,FID,13/04/2018
TAL,KIP,13/04/2018
TAL,LAN,15/04/2018
DOU,NEV,17/04/2018
DOU,LAF,22/04/2018
TAL,PEN,22/04/2018
URS,DAU,25/04/2018
ABO,JNO,30/04/2018
TRS,DAU,06/05/2018
TRS,DAU,06/05/2018
ALF,PEN,07/05/2018
ALF,PEN,07/05/2018
BEN,LAN,07/05/2018
CHN,KIP,08/05/2018
URS,LAF,12/05/2018
NEV,LIL,15/05/2018
BEN,FID,16/05/2018
BEN,FID,16/05/2018
BEN,FID,16/05/2018
BEN,MUG,17/05/2018
GER,SHY,17/05/2018
BEN,KET,12/06/2018
BEN,KET,13/06/2018
BEN,KET,13/06/2018
BEN,MUG,13/06/2018
BEN,DAU,13/06/2018
BEN,DAU,13/06/2018
BEN,DAU,13/06/2018
BEN,KET,13/06/2018
BEN,KET,13/06/2018
BEN,MAC,13/06/2018
TRS,FID,14/06/2018
GER,MAS,14/06/2018
BEN,FID,14/06/2018
BEN,MAS,14/06/2018
BEN,MAS,14/06/2018
BEN,FID,14/06/2018
BEN,SAM,14/06/2018
TAL,MAS,14/06/2018
KEV,ARD,14/06/2018
LAN,LIL,17/06/2018
TAL,ARD,17/06/2018
TAL,MUG,17/06/2018
ABO,LIL,17/06/2018
BEN,MAS,17/06/2018
DOU,LOT,18/06/2018
DOU,LOT,18/06/2018
LAN,NEV,19/06/2018
BEN,MAS,20/06/2018
GER,MAS,20/06/2018
SAM,SAM,20/06/2018
TRS,MON,21/06/2018
BEN,LAN,21/06/2018
FID,SDT,22/06/2018
FID,ONY,22/06/2018
PEN,LIL,22/06/2018
PEN,PHI,22/06/2018
TAL,PHI,23/06/2018
MAC,PHI,23/06/2018
MAC,LIL,23/06/2018
TAL,PEN,23/06/2018
TAL,LIL,23/06/2018
TAL,LIL,23/06/2018
TAL,PEN,23/06/2018
TAL,ONY,23/06/2018
DAU,LAF,23/06/2018
TAL,ONY,24/06/2018
DOU,KEV,25/06/2018
TAL,TAT,28/06/2018
TAL,TAT,28/06/2018
RIT,SHY,30/06/2018
KIP,SAN,30/06/2018
DAU,KIP,30/06/2018
DAU,TIB,30/06/2018
MAC,KIP,01/07/2018
ALF,MER,01/07/2018
KIP,MER,01/07/2018
KIP,SHY,01/07/2018
KIP,SHY,01/07/2018
ALF,LAF,02/07/2018
SAM,AND,04/07/2018
TRS,TIB,05/07/2018
TRS,LAN,05/07/2018
DOU,TIB,05/07/2018
TRS,FID,05/07/2018
TRS,RIT,05/07/2018
DOU,TIB,05/07/2018
LAN,RIT,06/07/2018
TRS,LAN,07/07/2018
BEN,PEN,09/07/2018
BEN,PEN,09/07/2018
BEN,BEN,09/07/2018
BEN,BAH,09/07/2018
BEN,BAH,09/07/2018
BEN,DAU,09/07/2018
BEN,MUG,09/07/2018
BEN,NOR,09/07/2018
BEN,LAF,09/07/2018
BEN,LAF,09/07/2018
ALF,LAF,09/07/2018
GER,LAF,09/07/2018
BEN,LAF,09/07/2018
BEN,LAF,09/07/2018
BEN,FID,11/07/2018
ALF,FID,11/07/2018
BEN,FID,11/07/2018
BEN,FID,11/07/2018
BEN,NOR,11/07/2018
BEN,TRS,11/07/2018
BEN,NOR,11/07/2018
BEN,NOR,11/07/2018
LAF,DAU,14/07/2018
BAH,JIN,16/07/2018
BAH,JIN,16/07/2018
LAN,NOR,16/07/2018
MOR,NEV,17/07/2018
ALF,DOU,21/07/2018
ALF,MAS,21/07/2018
ILA,NEV,22/07/2018
BEN,KID,22/07/2018
MUG,KIL,22/07/2018
KEV,KID,22/07/2018
ABO,MON,22/07/2018
BEN,PHI,22/07/2018
TAL,JIN,23/07/2018
URS,ARD,23/07/2018
BEN,LAF,23/07/2018
TAL,MUG,23/07/2018
TRS,KET,23/07/2018
MAC,LIL,23/07/2018
MAC,BAH,23/07/2018
DAU,MON,24/07/2018
DAU,TIB,24/07/2018
ILA,BRI,24/07/2018
MON,LKU,24/07/2018
ILA,BRT,24/07/2018
ALF,KID,24/07/2018
BEN,KET,25/07/2018
KEV,KET,25/07/2018
BEN,NEV,25/07/2018
BEN,MAC,25/07/2018
BEN,KET,25/07/2018
MUG,NEV,25/07/2018
ILA,TAT,25/07/2018
LAN,MER,25/07/2018
TAL,DAI,25/07/2018
TRS,TAT,25/07/2018
TAL,TAT,25/07/2018
ILA,JIN,25/07/2018
CHN,PHI,25/07/2018
MON,JNO,25/07/2018
BEN,MON,25/07/2018
MAC,SAM,25/07/2018
MAC,JIN,25/07/2018
KEV,ONY,26/07/2018
ABO,JIN,26/07/2018
KEV,ONY,26/07/2018
BEN,JIN,26/07/2018
BEN,FID,26/07/2018
BEN,ABO,26/07/2018
BEN,NEV,26/07/2018
BEN,KET,26/07/2018
TRS,MER,26/07/2018
ALF,LIR,26/07/2018
TAL,MOR,27/07/2018
TRS,SAM,27/07/2018
ILA,JIN,27/07/2018
URS,ILA,27/07/2018
MUG,JIN,27/07/2018
ILA,JNO,27/07/2018
MUG,KET,27/07/2018
ILA,ABO,28/07/2018
ILA,KID,28/07/2018
MUG,JIN,28/07/2018
KEV,JIN,28/07/2018
BEN,JIN,28/07/2018
BEN,TAL,28/07/2018
BEN,TAL,28/07/2018
BEN,LKU,28/07/2018
BEN,LAN,28/07/2018
TRS,FID,28/07/2018
TRS,NEV,28/07/2018
KEV,NOA,28/07/2018
MAC,BAH,29/07/2018
MAC,NOR,29/07/2018
MAC,PHI,29/07/2018
MAC,PHI,29/07/2018
TAL,NEV,30/07/2018
TAL,NEV,30/07/2018
TAL,NEV,30/07/2018
TAL,NEV,30/07/2018
BEN,LOT,04/08/2018
BEN,DAU,04/08/2018
TRS,DAU,09/08/2018
TRS,DAU,09/08/2018
TRS,DAU,09/08/2018
TRS,DAU,09/08/2018
BEN,SPN,11/08/2018
BEN,FID,11/08/2018
BEN,FID,11/08/2018
BEN,ONY,11/08/2018
BEN,KIP,11/08/2018
KEV,LAN,11/08/2018
MAC,BEN,11/08/2018
MAC,ONY,11/08/2018
BEN,ONY,11/08/2018
MAC,ONY,11/08/2018
BEN,MUG,11/08/2018
BEN,MUG,11/08/2018
TAL,MUG,11/08/2018
TAL,MUG,11/08/2018
BEN,LAN,11/08/2018
BEN,KIB,11/08/2018
BEN,KIB,11/08/2018
BEN,MAC,11/08/2018
KEV,SHY,11/08/2018
LAF,TIB,12/08/2018
KEV,TIB,12/08/2018
TAL,MUG,12/08/2018
DAU,SHY,13/08/2018
TAL,TAL,13/08/2018
BEN,ALF,13/08/2018
BEN,FID,13/08/2018
TAL,DAU,14/08/2018
DAU,LAN,14/08/2018
TAL,SAN,14/08/2018
KEV,TAT,15/08/2018
URS,TAT,15/08/2018
KEV,TAT,15/08/2018
ABO,NEV,16/08/2018
URS,MAS,17/08/2018
KEV,RIT,17/08/2018
KEV,TIB,17/08/2018
KEV,MAS,17/08/2018
KEV,MAS,17/08/2018
MAC,MAS,17/08/2018
KEV,BRT,17/08/2018
KEV,MAS,17/08/2018
ABO,LIR,18/08/2018
KEV,MOR,18/08/2018
URS,MOR,18/08/2018
ABO,KIP,18/08/2018
URS,NEV,18/08/2018
URS,NOA,18/08/2018
KEV,KIP,18/08/2018
KID,NEV,18/08/2018
ABO,KIP,18/08/2018
FID,KET,18/08/2018
KEV,KET,18/08/2018
KEV,KET,18/08/2018
URS,KET,18/08/2018
ABO,KET,18/08/2018
BEN,BRT,20/08/2018
BEN,BRT,20/08/2018
BEN,BRT,20/08/2018
BEN,MAC,20/08/2018
BEN,BRT,20/08/2018
MUG,MER,20/08/2018
GER,MAS,31/08/2018
ILA,LKU,02/09/2018
SAM,ILA,02/09/2018
MAC,ILA,03/09/2018
TAL,JIN,04/09/2018
BRT,GER,04/09/2018
MOR,SPN,09/09/2018
BEN,LIR,10/09/2018
BEN,MAS,12/09/2018
BEN,MAS,12/09/2018
BEN,MAS,12/09/2018
BEN,MAS,12/09/2018
BEN,MAS,12/09/2018
BEN,MAS,12/09/2018
BEN,MAS,12/09/2018
BEN,MAS,12/09/2018
BEN,MAS,12/09/2018
BEN,ALF,12/09/2018
BEN,GER,12/09/2018
BEN,GER,12/09/2018
BEN,ALF,12/09/2018
BEN,GER,12/09/2018
ALF,MAS,12/09/2018
ALF,MAS,12/09/2018
ILA,ELI,12/09/2018
BEN,ALF,12/09/2018
BEN,ELI,12/09/2018
ALF,ELI,12/09/2018
LOT,ELI,14/09/2018
GER,LKU,15/09/2018
MAS,LKU,15/09/2018
LIR,BRT,15/09/2018
SAM,BAH,17/09/2018
LAN,LKU,17/09/2018
BEN,CHN,22/09/2018
TAL,CHN,22/09/2018
TAL,KID,22/09/2018
BEN,NOR,22/09/2018
TAL,NOR,22/09/2018
BEN,KID,22/09/2018
ILA,AND,22/09/2018
BEN,ILA,22/09/2018
BEN,MUG,22/09/2018
MAC,MUG,22/09/2018
TAL,DOU,25/09/2018
BEN,MER,26/09/2018
BEN,MER,26/09/2018
BEN,KET,26/09/2018
BEN,KET,26/09/2018
BEN,KET,26/09/2018
BEN,KET,26/09/2018
KET,BEN,26/09/2018
BEN,NOR,26/09/2018
BEN,KET,26/09/2018
KET,BEN,26/09/2018
BEN,NOR,26/09/2018
BEN,FID,26/09/2018
BEN,ILA,26/09/2018
BEN,KET,26/09/2018
KET,BEN,26/09/2018
KET,KET,26/09/2018
BEN,KET,26/09/2018
BEN,FID,26/09/2018
BEN,KET,26/09/2018
BEN,LAF,26/09/2018
BEN,KET,26/09/2018
BEN,KET,26/09/2018
BEN,LAF,26/09/2018
BEN,ILA,26/09/2018
BEN,KET,26/09/2018
BEN,KET,26/09/2018
BEN,KET,26/09/2018
BEN,ARD,26/09/2018
BEN,KET,26/09/2018
BEN,KET,26/09/2018
BEN,KET,26/09/2018
BEN,LIZ,26/09/2018
BEN,ARD,26/09/2018
BEN,ARD,26/09/2018
TAL,KET,26/09/2018
BEN,TAL,26/09/2018
TAL,ILA,26/09/2018
TAL,KID,26/09/2018
BEN,LOT,26/09/2018
GER,KET,27/09/2018
KEV,QEN,29/09/2018
BEN,KET,29/09/2018
DAU,ONY,29/09/2018
DAU,JIN,29/09/2018
DAU,ONY,29/09/2018
ILA,BEN,29/09/2018
TAL,JIN,29/09/2018
TAL,ONY,29/09/2018
KET,BEN,29/09/2018
BEN,KET,29/09/2018
FID,ALF,29/09/2018
BEN,MAS,01/10/2018
BEN,MAC,01/10/2018
BEN,KET,01/10/2018
BEN,ABO,01/10/2018
BEN,LAF,01/10/2018
BEN,FID,02/10/2018
BEN,FID,02/10/2018
KEV,ONY,02/10/2018
BEN,ARD,02/10/2018
BEN,LAF,02/10/2018
BEN,LAF,02/10/2018
BEN,LIL,02/10/2018
BEN,MUG,02/10/2018
KEV,ILA,02/10/2018
ARU,AND,03/10/2018
MAC,AND,03/10/2018
LAF,TAT,04/10/2018
BEN,LAN,05/10/2018
BEN,MAS,05/10/2018
ALF,TIB,05/10/2018
DOU,PHI,06/10/2018
TRS,FID,07/10/2018
TRS,FID,07/10/2018
GER,PEN,08/10/2018
GER,KIP,08/10/2018
GER,NOA,08/10/2018
GER,PHI,08/10/2018
GER,KET,08/10/2018
LAN,KID,08/10/2018
MAC,NOA,08/10/2018
MUG,LAF,08/10/2018
DAU,FID,10/10/2018
ABO,FID,10/10/2018
BEN,KET,12/10/2018
BEN,KID,13/10/2018
BEN,KID,13/10/2018
ALF,MUG,14/10/2018
DAI,NEV,15/10/2018
DAI,NEV,15/10/2018
BEN,LAF,16/10/2018
BEN,FID,16/10/2018
ILA,LKU,16/10/2018
BEN,CHN,16/10/2018
MAC,FID,16/10/2018
ABO,KIP,18/10/2018
ABO,KIP,18/10/2018
DAU,TAT,19/10/2018
DAU,TAT,19/10/2018
DAU,TAT,19/10/2018
DAU,TAT,19/10/2018
TAL,TAT,19/10/2018
KEV,TAT,20/10/2018
BEN,ALF,20/10/2018
TAL,FID,20/10/2018
MAC,KET,20/10/2018
MAC,LIL,20/10/2018
LAF,ARD,21/10/2018
MAC,PEN,21/10/2018
ARD,PAV,21/10/2018
BEN,LAF,24/10/2018
LAF,MON,24/10/2018
LAF,LIL,24/10/2018
ALF,ARD,24/10/2018
DAU,KET,24/10/2018
ALF,DAU,24/10/2018
BEN,ARD,24/10/2018
GER,LAF,24/10/2018
FID,ARD,24/10/2018
SAM,KET,24/10/2018
MAC,KET,26/10/2018
MAC,LAF,26/10/2018
MAC,MAS,26/10/2018
TAL,FID,26/10/2018
BEN,JIN,27/10/2018
TAL,LAF,27/10/2018
BEN,SAM,27/10/2018
TAL,ONY,27/10/2018
BEN,JIN,27/10/2018
BEN,JIN,27/10/2018
BEN,JIN,27/10/2018
TAL,MAC,28/10/2018
TAL,MAC,28/10/2018
LAN,LIL,30/10/2018
SAM,TAT,30/10/2018
MAC,ARD,03/11/2018
ARD,KET,03/11/2018
GER,NOR,03/11/2018
KEV,LIL,03/11/2018
ALF,LIL,03/11/2018
KEV,MAS,03/11/2018
GER,NOR,03/11/2018
MAC,MAS,03/11/2018
SAM,LAF,03/11/2018
DAU,LIL,03/11/2018
TAL,ILA,04/11/2018
TRS,FID,05/11/2018
CHN,KET,05/11/2018
BEN,LIL,06/11/2018
BEN,LIL,06/11/2018
BEN,LIL,06/11/2018
BEN,KET,06/11/2018
BEN,LIL,06/11/2018
BEN,KET,06/11/2018
LIL,SDT,06/11/2018
SAM,PEN,08/11/2018
SAM,TAT,08/11/2018
SAM,JIN,08/11/2018
SAM,PHI,08/11/2018
SAM,PEN,08/11/2018
SAM,TAT,08/11/2018
TRS,PEN,08/11/2018
ABO,NEV,09/11/2018
KEV,JIN,09/11/2018
ABO,NEV,09/11/2018
LAF,ARD,13/11/2018
MON,ONY,15/11/2018
SAM,PEN,18/11/2018
TAL,LOT,19/11/2018
TAL,LOT,19/11/2018
LOT,TAL,19/11/2018
TRS,LOT,19/11/2018
TAL,PHI,19/11/2018
TAL,NEV,19/11/2018
BEN,LOT,19/11/2018
BEN,LAF,20/11/2018
BEN,SDT,20/11/2018
MUG,LIL,20/11/2018
KEV,ILA,20/11/2018
BEN,LIL,20/11/2018
TRS,MAS,21/11/2018
KEV,LAF,22/11/2018
KEV,JIN,22/11/2018
KEV,ONY,22/11/2018
URS,ONY,22/11/2018
URS,ONY,22/11/2018
KEV,ONY,22/11/2018
MUG,MER,22/11/2018
URS,FID,22/11/2018
URS,KET,22/11/2018
URS,KET,22/11/2018
URS,KET,22/11/2018
TRS,FID,23/11/2018
BEN,TRS,23/11/2018
TRS,LAF,23/11/2018
ABO,NEV,23/11/2018
ABO,NEV,23/11/2018
URS,NEV,23/11/2018
TAL,KEV,24/11/2018
BEN,DAU,24/11/2018
LOT,MAC,26/11/2018
TRS,MON,27/11/2018
TRS,ILA,27/11/2018
ILA,FID,27/11/2018
SAM,KET,27/11/2018
ILA,ONY,27/11/2018
BEN,JIN,30/11/2018
BEN,TAT,30/11/2018
BEN,JIN,30/11/2018
BEN,LOT,30/11/2018
LOT,TAL,30/11/2018
TAL,TAL,30/11/2018
TAL,DAU,30/11/2018
KEV,NEV,01/12/2018
KEV,NEV,01/12/2018
KEV,ALF,01/12/2018
KEV,MAC,01/12/2018
ALF,ALF,01/12/2018
ALF,MUG,01/12/2018
MAC,ALF,01/12/2018
MAC,LAF,01/12/2018
BEN,MAS,02/12/2018
BEN,MAS,02/12/2018
TRS,MAS,02/12/2018
TRS,MAS,02/12/2018
KEV,MAS,02/12/2018
TRS,MAS,02/12/2018
TRS,MAS,02/12/2018
TRS,LAF,02/12/2018
TRS,LAF,02/12/2018
ARD,ONY,03/12/2018
ILA,KET,03/12/2018
ILA,ARU,03/12/2018
ILA,ASM,03/12/2018
MAS,ELI,04/12/2018
MUG,JIN,04/12/2018
TAL,LAF,04/12/2018
SAM,LIL,04/12/2018
BEN,SAM,04/12/2018
BEN,SDT,04/12/2018
TRS,JNO,05/12/2018
TRS,JNO,05/12/2018
GER,JNO,05/12/2018
GER,JNO,05/12/2018
TRS,ILA,05/12/2018
TRS,LIL,05/12/2018
TRS,MAS,05/12/2018
TRS,NEV,05/12/2018
TRS,NEV,05/12/2018
TRS,MAS,05/12/2018
TRS,DAU,05/12/2018
GER,ILA,05/12/2018
TRS,LIL,05/12/2018
TRS,LIL,05/12/2018
TRS,MER,05/12/2018
TRS,KET,05/12/2018
TRS,MER,05/12/2018
TRS,KET,05/12/2018
TRS,LIL,05/12/2018
TRS,FID,05/12/2018
TRS,ONY,05/12/2018
TAL,TRS,05/12/2018
TAL,ONY,05/12/2018
ARU,AND,07/12/2018
TAL,BAH,07/12/2018
SAM,ARD,07/12/2018
TAL,GER,07/12/2018
SAM,MON,07/12/2018
ABO,MON,07/12/2018
GER,LOT,08/12/2018
TAL,ABO,08/12/2018
BEN,KET,11/12/2018
BEN,KET,11/12/2018
BEN,KET,11/12/2018
BEN,KET,11/12/2018
BEN,KET,11/12/2018
BEN,KET,11/12/2018
GER,KIP,11/12/2018
BEN,NOR,11/12/2018
TRS,NOR,11/12/2018
GER,LIL,11/12/2018
TAL,KET,11/12/2018
KEV,KET,11/12/2018
SAM,KET,11/12/2018
KEV,KET,11/12/2018
BEN,NOR,11/12/2018
BEN,NOR,11/12/2018
TRS,NEV,12/12/2018
ALF,MON,12/12/2018
TRS,LIL,12/12/2018
BAH,TAL,12/12/2018
TAL,BAH,12/12/2018
TAL,BAH,12/12/2018
TAL,KET,12/12/2018
MAC,FID,12/12/2018
MAC,JIN,12/12/2018
BEN,MAC,12/12/2018
BEN,MAC,12/12/2018
ILA,KET,13/12/2018
ILA,TAT,13/12/2018
ILA,TAT,13/12/2018
ILA,TAT,13/12/2018
MAC,PHI,13/12/2018
ILA,TAT,13/12/2018
ILA,TAT,13/12/2018
KEV,ILA,13/12/2018
BEN,ILA,13/12/2018
TRS,MAS,14/12/2018
BEN,FID,14/12/2018
SAM,PHI,14/12/2018
URS,TIB,14/12/2018
TAL,NOR,17/12/2018
BEN,ILA,17/12/2018
BEN,URS,18/12/2018
BEN,ALF,18/12/2018
BEN,NOR,18/12/2018
BEN,LOT,18/12/2018
BEN,MAC,18/12/2018
BEN,MAS,18/12/2018
BEN,URS,18/12/2018
BEN,URS,18/12/2018
BEN,LOT,18/12/2018
KEV,ONY,19/12/2018
TRS,LOT,22/12/2018
SHY,BRT,23/12/2018
SHY,JNO,23/12/2018
SHY,TAT,23/12/2018
TRS,KET,23/12/2018
DAU,KET,23/12/2018
NEV,BEN,23/12/2018
TAL,LOT,27/12/2018
MUG,BAH,27/12/2018
DAU,BAH,27/12/2018
BEN,BAH,27/12/2018
GER,MAS,28/12/2018
TAL,MAS,28/12/2018
ALF,SAM,28/12/2018
DAU,MOR,29/12/2018
TAL,ARU,29/12/2018
TAL,LAF,29/12/2018
KEV,BAH,29/12/2018
TAL,ABO,29/12/2018
TAL,MAS,29/12/2018
TAL,ABO,29/12/2018
BEN,BAH,29/12/2018
URS,BAH,29/12/2018
ABO,LOT,30/12/2018
SAM,LOT,30/12/2018
KEV,LAF,30/12/2018
MON,LOT,30/12/2018
LOT,MON,30/12/2018
BEN,LAF,30/12/2018
BEN,LAF,30/12/2018
SAM,LOT,30/12/2018
TAL,LOT,31/12/2018
GER,LOT,31/12/2018
URS,LOT,31/12/2018
BEN,LOT,31/12/2018
ALF,LOT,31/12/2018
URS,LOT,31/12/2018
URS,LAF,02/01/2019
GER,ARD,03/01/2019
FID,BAH,03/01/2019
SAM,FID,03/01/2019
GER,LIL,04/01/2019
GER,MAS,04/01/2019
GER,LOT,04/01/2019
GER,ARD,04/01/2019
MAC,BAH,04/01/2019
MAC,NOR,04/01/2019
MAC,NOR,04/01/2019
MAC,MAS,05/01/2019
MAC,MAS,05/01/2019
MAC,DOU,05/01/2019
MAC,ROB,05/01/2019
MAC,BAH,05/01/2019
MAC,MAC,05/01/2019
MAC,ABO,05/01/2019
MAC,ABO,05/01/2019
BEN,MAC,05/01/2019
TAL,MAC,05/01/2019
BEN,MAC,05/01/2019
MAC,TIB,05/01/2019
MAC,NAL,05/01/2019
MAC,LOT,05/01/2019
ALF,FID,05/01/2019
ALF,NOA,05/01/2019
BEN,ALF,05/01/2019
MAC,PHI,05/01/2019
MAC,LOT,05/01/2019
MAC,PEN,05/01/2019
BEN,MAC,05/01/2019
DOU,TAT,05/01/2019
URS,NOR,05/01/2019
URS,BRT,05/01/2019
KEV,TAT,05/01/2019
URS,RAC,05/01/2019
URS,TAT,05/01/2019
URS,TAT,05/01/2019
URS,MER,05/01/2019
URS,LIL,05/01/2019
URS,AKK,05/01/2019
MUG,TAT,05/01/2019
TAL,TAT,05/01/2019
SAM,TAT,05/01/2019
URS,MAS,05/01/2019
URS,ARU,05/01/2019
ABO,PEN,05/01/2019
URS,RAC,05/01/2019
KEV,SHY,06/01/2019
KEV,SHY,06/01/2019
MUG,MAS,06/01/2019
KEV,AND,06/01/2019
BEN,MAS,06/01/2019
ALF,KID,07/01/2019
TAL,TAL,07/01/2019
TAL,LOT,07/01/2019
TAL,PEN,07/01/2019
ALF,LIR,07/01/2019
ILA,SHY,07/01/2019
KEV,ILA,07/01/2019
LAN,ARD,07/01/2019
BEN,ILA,07/01/2019
BEN,ILA,07/01/2019
BEN,ILA,07/01/2019
URS,ILA,07/01/2019
BEN,ILA,09/01/2019
BEN,URS,09/01/2019
BEN,KET,09/01/2019
BEN,LIL,09/01/2019
BEN,FID,09/01/2019
URS,LOT,09/01/2019
TRS,LOT,09/01/2019
BEN,LAN,09/01/2019
BEN,KIP,09/01/2019
BEN,MAC,09/01/2019
BEN,LKU,09/01/2019
BEN,MAC,09/01/2019
KEV,PHI,10/01/2019
TAL,KET,10/01/2019
TAL,KET,10/01/2019
TAL,KET,10/01/2019
TAL,LAF,10/01/2019
TAL,LOT,10/01/2019
TAL,DOU,10/01/2019
TAL,ARD,10/01/2019
KEV,SAM,10/01/2019
TAL,ARD,10/01/2019
URS,KET,10/01/2019
LAN,NOR,10/01/2019
ABO,NOR,10/01/2019
TAL,MER,10/01/2019
TAL,MAS,10/01/2019
SAM,NOR,10/01/2019
TAL,MAS,10/01/2019
TAL,NOR,10/01/2019
TAL,NOR,10/01/2019
TAL,DOU,10/01/2019
ILA,NOR,10/01/2019
MAC,NOR,10/01/2019
SAM,NOR,10/01/2019
BEN,NOR,10/01/2019
MAC,NOR,10/01/2019
URS,MUG,10/01/2019
URS,MAS,10/01/2019
URS,MER,10/01/2019
URS,MAS,10/01/2019
URS,FID,10/01/2019
URS,LIL,10/01/2019
ALF,LAF,10/01/2019
LAF,ROB,10/01/2019
MAC,ONY,10/01/2019
ILA,ONY,10/01/2019
MUG,ILA,10/01/2019
KEV,LOT,11/01/2019
MAC,KIP,11/01/2019
MAC,BAH,11/01/2019
MAC,FID,11/01/2019
MAC,KET,11/01/2019
TAL,TAT,12/01/2019
ILA,TAT,12/01/2019
TAL,TAT,12/01/2019
TAL,TAT,12/01/2019
TAL,TAT,12/01/2019
TAL,TAT,12/01/2019
LAF,TAT,12/01/2019
FID,TAT,12/01/2019
DAU,TAT,12/01/2019
MAS,TAT,12/01/2019
BEN,TAT,12/01/2019
MAC,TAT,12/01/2019
URS,TAT,12/01/2019
URS,TAT,12/01/2019
URS,TAT,12/01/2019
TAL,ILA,12/01/2019
BEN,TAL,12/01/2019
TAL,URS,12/01/2019
TAL,DOU,12/01/2019
TAL,URS,12/01/2019
TAL,CHN,12/01/2019
TAL,KET,12/01/2019
TAL,DOU,12/01/2019
TAL,KET,12/01/2019
BEN,ALF,12/01/2019
ALF,NOR,12/01/2019
ALF,NAL,12/01/2019
ALF,DAU,12/01/2019
BEN,PEN,13/01/2019
URS,LIL,13/01/2019
URS,LAF,13/01/2019
URS,BRT,13/01/2019
BEN,MAS,13/01/2019
URS,BEN,13/01/2019
URS,AND,13/01/2019
BEN,MAC,15/01/2019
KEV,LIR,15/01/2019
TAL,MON,16/01/2019
BEN,LAF,16/01/2019
BEN,MAS,17/01/2019
TAL,LAN,17/01/2019
TAT,DAU,17/01/2019
BEN,ILA,17/01/2019
MAS,TAT,17/01/2019
MAC,ILA,17/01/2019
ILA,LIR,17/01/2019
KEV,ILA,17/01/2019
TAL,ILA,17/01/2019
BEN,LAF,18/01/2019
BEN,LAF,18/01/2019
URS,LAF,18/01/2019
ARD,MAC,18/01/2019
GER,LAF,18/01/2019
MAS,JNO,19/01/2019
TRS,FID,19/01/2019
BEN,FID,19/01/2019
URS,SAM,22/01/2019
URS,DOU,22/01/2019
URS,LAF,22/01/2019
URS,MAS,22/01/2019
URS,DAU,22/01/2019
URS,MAS,22/01/2019
URS,FID,22/01/2019
URS,NOA,22/01/2019
URS,FID,22/01/2019
URS,DAU,23/01/2019
DAU,URS,23/01/2019
BEN,DAU,23/01/2019
KEV,DAU,23/01/2019
TAL,NOR,23/01/2019
TAL,CHP,23/01/2019
BEN,URS,24/01/2019
BEN,LOT,24/01/2019
BEN,URS,24/01/2019
BEN,LIL,24/01/2019
BEN,LAF,24/01/2019
BEN,ABO,24/01/2019
BEN,LOT,24/01/2019
BEN,LOT,24/01/2019
TAL,LOT,24/01/2019
BEN,MAC,24/01/2019
BEN,ABO,24/01/2019
BEN,DOU,24/01/2019
BEN,ABO,24/01/2019
BEN,LAF,24/01/2019
BEN,MAC,24/01/2019
BEN,DOU,24/01/2019
BEN,KET,24/01/2019
BEN,MAS,24/01/2019
BEN,LAN,24/01/2019
BEN,PHI,24/01/2019
URS,LOT,24/01/2019
BEN,GER,24/01/2019
BEN,DOU,24/01/2019
BEN,FID,24/01/2019
TRS,LIL,25/01/2019
BEN,TRS,25/01/2019
TRS,LIL,25/01/2019
TRS,LIL,25/01/2019
TRS,JNO,25/01/2019
TRS,JNO,25/01/2019
TRS,MAS,25/01/2019
TRS,NOR,25/01/2019
TRS,RAC,25/01/2019
TRS,MAS,25/01/2019
TRS,BAH,25/01/2019
GER,LIL,26/01/2019
TAL,NOR,29/01/2019
TAL,MAC,30/01/2019
TRS,PEN,30/01/2019
MUG,LIR,30/01/2019
BEN,LAF,30/01/2019
MAC,ABO,30/01/2019
DOU,TAT,30/01/2019
BEN,LOT,31/01/2019
MUG,FID,31/01/2019
BEN,LOT,01/02/2019
BEN,SAM,01/02/2019
BEN,SAM,01/02/2019
BEN,LKU,01/02/2019
GER,MUG,03/02/2019
GER,BRT,03/02/2019
GER,ILA,03/02/2019
URS,GER,03/02/2019
BEN,GER,03/02/2019
GER,BAH,03/02/2019
GER,KET,03/02/2019
GER,ILA,03/02/2019
GER,LOT,03/02/2019
URS,LOT,04/02/2019
URS,SAM,04/02/2019
URS,SAM,04/02/2019
TAL,NEV,04/02/2019
BEN,DOU,05/02/2019
DOU,SPN,05/02/2019
BEN,DOU,05/02/2019
DOU,ELI,05/02/2019
URS,MAS,05/02/2019
BEN,MAS,07/02/2019
URS,MAS,07/02/2019
MAS,LIL,07/02/2019
TAL,KET,08/02/2019
TAL,KET,08/02/2019
TAL,KET,08/02/2019
TAL,MAS,08/02/2019
TAL,KET,08/02/2019
ABO,LAF,08/02/2019
MAC,LAF,08/02/2019
TAL,SAN,11/02/2019
MOR,DOU,11/02/2019
TRS,ARU,13/02/2019
TRS,TAT,13/02/2019
DAU,JNO,14/02/2019
DAU,RAC,14/02/2019
DAU,RAC,14/02/2019
KEV,LOT,14/02/2019
BEN,NEV,14/02/2019
BEN,ARD,14/02/2019
BEN,MUG,14/02/2019
BEN,MUG,14/02/2019
DOU,LAF,15/02/2019
KEV,DOU,15/02/2019
URS,DOU,15/02/2019
ALF,MUG,15/02/2019
DOU,RAC,15/02/2019
ALF,LAF,15/02/2019
ALF,MAS,15/02/2019
BEN,ALF,15/02/2019
ALF,KIP,15/02/2019
TAL,ARD,17/02/2019
TAL,PEN,17/02/2019
TAL,PHI,17/02/2019
TAL,PEN,17/02/2019
TAL,PHI,17/02/2019
TAL,PEN,17/02/2019
TAL,PEN,17/02/2019
BEN,DAU,18/02/2019
BEN,PEN,18/02/2019
BEN,KEV,18/02/2019
DOU,KID,20/02/2019
URS,FID,20/02/2019
URS,LOT,21/02/2019
URS,SDT,21/02/2019
URS,LAF,21/02/2019
URS,FID,21/02/2019
MAC,MON,21/02/2019
MAC,MON,21/02/2019
MAC,KID,22/02/2019
TRS,FID,22/02/2019
TRS,FID,22/02/2019
BEN,MAC,22/02/2019
TAL,FID,22/02/2019
BEN,FID,22/02/2019
URS,MAC,22/02/2019
BEN,FID,22/02/2019
BEN,FID,22/02/2019
BEN,FID,22/02/2019
KEV,FID,22/02/2019
BEN,FID,23/02/2019
BEN,URS,23/02/2019
BEN,KEV,23/02/2019
BEN,ARD,23/02/2019
BEN,URS,23/02/2019
BEN,MAC,23/02/2019
BEN,ABO,23/02/2019
BEN,LIL,23/02/2019
BEN,PHI,23/02/2019
BEN,PHI,23/02/2019
BEN,MUG,23/02/2019
BEN,URS,23/02/2019
BEN,LIL,23/02/2019
BEN,FID,23/02/2019
BEN,MON,23/02/2019
BEN,ONY,23/02/2019
TAL,URS,25/02/2019
SAM,ILA,26/02/2019
KEV,LIR,27/02/2019
ALF,ILA,27/02/2019
ALF,MON,27/02/2019
URS,MAS,27/02/2019
URS,LIL,27/02/2019
URS,KET,27/02/2019
ALF,LOT,27/02/2019
TRS,LAF,27/02/2019
TRS,KET,02/03/2019
TRS,KET,02/03/2019
MAC,LOT,06/03/2019
BEN,MAC,06/03/2019
BEN,MAC,06/03/2019
GER,MON,07/03/2019
KEV,MON,07/03/2019
SAM,BRT,11/03/2019
BEN,KET,12/03/2019
BEN,KET,12/03/2019
TAL,KET,12/03/2019
TRS,KET,12/03/2019
URS,KET,12/03/2019
BEN,LOT,18/03/2019
TAL,SAM,20/03/2019
TAL,LAF,20/03/2019
CHN,NEV,20/03/2019
CHN,ARU,20/03/2019
TAL,LAF,20/03/2019
MAC,AKK,21/03/2019
GER,LAF,23/03/2019
DOU,MON,30/03/2019
ALF,ONY,01/04/2019
ALF,ONY,01/04/2019
ALF,ONY,01/04/2019
GER,BRT,05/04/2019
TRS,MAS,06/04/2019
TRS,MAS,06/04/2019
TRS,MAS,06/04/2019
TRS,MAS,06/04/2019
MAC,PEN,09/04/2019
TRS,LIL,10/04/2019
BEN,LIL,10/04/2019
BEN,MAC,11/04/2019
BEN,KET,11/04/2019
KET,BEN,11/04/2019
BEN,KET,11/04/2019
BEN,PAV,11/04/2019
BEN,LIL,11/04/2019
BEN,KET,11/04/2019
BEN,PHI,11/04/2019
BEN,KET,11/04/2019
BEN,ARD,11/04/2019
BEN,PHI,11/04/2019
BEN,KET,12/04/2019
BEN,KET,12/04/2019
BEN,LIL,12/04/2019
MAC,SAM,12/04/2019
BEN,TAT,12/04/2019
BEN,BEN,12/04/2019
BEN,MON,12/04/2019
BEN,MON,12/04/2019
MON,TAT,12/04/2019
BEN,FID,15/04/2019
URS,MAS,23/04/2019
BEN,NEV,29/04/2019
SAM,BAH,30/04/2019
MUG,LIL,30/04/2019
BEN,SAM,30/04/2019
KEV,KET,05/05/2019
TAL,JIN,06/05/2019
TAL,PEN,06/05/2019
TAL,PHI,06/05/2019
MOR,LKU,08/05/2019
ALF,LAF,08/05/2019
TRS,LAF,08/05/2019
MUG,LAF,08/05/2019
MAC,FID,13/05/2019
ILA,NOR,13/05/2019
GER,RAC,13/05/2019
GER,LAF,13/05/2019
URS,ARD,13/05/2019
TAL,KET,16/05/2019
TAL,KET,16/05/2019
BEN,KET,16/05/2019
BEN,KET,16/05/2019
BEN,FID,16/05/2019
BEN,FID,16/05/2019
BEN,FID,16/05/2019
KEV,LIR,20/05/2019
DAU,KID,21/05/2019
FID,LIL,31/05/2019
GER,CHP,31/05/2019
BEN,CHP,31/05/2019
BEN,TRS,05/06/2019
TAL,KID,05/06/2019
BEN,CHP,05/06/2019
BEN,KID,05/06/2019
BEN,TRS,05/06/2019
TAL,MAS,05/06/2019
CHP,KEV,06/06/2019
SAM,PEN,06/06/2019
ILA,BAH,08/06/2019
ILA,KET,08/06/2019
ILA,PHI,08/06/2019
BEN,MAC,08/06/2019
ILA,PEN,08/06/2019
KEV,BYZ,11/06/2019
TAL,ILA,13/06/2019
ALF,LAF,14/06/2019
BEN,FID,14/06/2019
BEN,MON,14/06/2019
MUG,JIN,16/06/2019
TRS,LOT,17/06/2019
BEN,TRS,17/06/2019
TRS,FID,17/06/2019
ILA,AKK,17/06/2019
TRS,BEN,17/06/2019
TRS,NOR,17/06/2019
TRS,ILA,17/06/2019
TRS,PHI,17/06/2019
CHN,JIN,18/06/2019
SAM,ONY,18/06/2019
RIT,MSD,19/06/2019
BEN,MSD,20/06/2019
BEN,ABO,20/06/2019
BEN,ABO,20/06/2019
BEN,MAC,20/06/2019
BEN,LAF,20/06/2019
BEN,LAF,20/06/2019
URS,ABO,21/06/2019
URS,NEV,21/06/2019
DAU,KET,21/06/2019
DAU,KET,21/06/2019
LAN,NOR,22/06/2019
LAN,NOR,22/06/2019
MON,KEV,24/06/2019
ILA,KET,24/06/2019
ABO,TIB,25/06/2019
SAM,NOR,25/06/2019
MAC,ILA,26/06/2019
SAM,NOR,27/06/2019
SAM,KIP,27/06/2019
BAH,SPN,01/07/2019
MAC,AND,02/07/2019
MAC,ONY,02/07/2019
MAC,MAS,02/07/2019
URS,SAM,03/07/2019
SAM,BRT,04/07/2019
SAM,MON,04/07/2019
SAM,PHI,04/07/2019
DAU,TAT,06/07/2019
ABO,TIB,07/07/2019
TRS,MAS,09/07/2019
MAC,TAT,09/07/2019
ILA,TAT,10/07/2019
ILA,TAT,10/07/2019
TRS,JNO,16/07/2019
BEN,MAC,19/07/2019
BEN,FID,19/07/2019
BEN,GER,19/07/2019
BEN,MAC,19/07/2019
BEN,DAU,19/07/2019
BEN,MAC,19/07/2019
BEN,MAC,19/07/2019
BEN,MAC,19/07/2019
BEN,PEN,20/07/2019
BEN,ABO,20/07/2019
BEN,DAU,20/07/2019
BEN,KET,20/07/2019
BEN,MON,20/07/2019
TAL,ILA,21/07/2019
ILA,JNO,21/07/2019
MUG,LAF,22/07/2019
ABO,JIN,23/07/2019
BEN,FID,26/07/2019
BEN,SAN,26/07/2019
MAC,MUG,27/07/2019
MAC,MUG,27/07/2019
BEN,MAC,27/07/2019
BEN,NOR,01/08/2019
BEN,NOR,01/08/2019
ALF,TAT,12/08/2019
ALF,MON,12/08/2019
MAC,FID,29/08/2019
TRS,LAF,10/09/2019
CHN,NOR,13/09/2019
TAL,NOR,13/09/2019
TAL,FID,13/09/2019
NOR,DAU,13/09/2019
KEV,ONY,16/09/2019
TAL,LIL,17/09/2019
LIR,RIT,20/09/2019
LIR,TIB,20/09/2019
RIT,TIB,20/09/2019
MUG,RAC,20/09/2019
BEN,FID,21/09/2019
BEN,ALF,21/09/2019
BEN,LIL,21/09/2019
BEN,URS,21/09/2019
CHN,MSD,21/09/2019
BEN,URS,21/09/2019
URS,MSD,21/09/2019
BEN,PEN,22/09/2019
MUG,MAS,26/09/2019
BEN,ILA,26/09/2019
KEV,MAS,26/09/2019
KEV,ABO,26/09/2019
BEN,DAU,26/09/2019
BEN,KEV,26/09/2019
BEN,KEV,26/09/2019
TAL,MAS,26/09/2019
LAN,LIL,26/09/2019
BEN,TRS,27/09/2019
TRS,MAS,27/09/2019
DAU,NOR,03/10/2019
DAU,NOR,03/10/2019
DAU,NAL,03/10/2019
DAU,NOR,03/10/2019
DAU,NOR,03/10/2019
URS,LIL,08/10/2019
URS,LIL,08/10/2019
MUG,LIL,08/10/2019
MUG,LIL,08/10/2019
URS,ONY,08/10/2019
URS,LIL,08/10/2019
URS,LIL,08/10/2019
URS,FID,08/10/2019
MUG,LIL,08/10/2019
ALF,NEV,05/11/2019
MAC,LIL,09/11/2019
GER,MUG,11/11/2019
TAL,MAS,13/11/2019
URS,JNO,14/11/2019
URS,JNO,14/11/2019
URS,JNO,14/11/2019
URS,JNO,14/11/2019
URS,JNO,14/11/2019
MAC,AND,17/11/2019
TAT,MER,19/11/2019
TAT,AND,19/11/2019
NEV,ONY,21/11/2019
ILA,AND,23/11/2019
TRS,FID,24/11/2019
KEV,LOT,30/11/2019
MAC,LKU,03/12/2019
MAC,NOR,05/12/2019
MAC,PLI,05/12/2019
MON,MAS,06/12/2019
ILA,LIL,06/12/2019
BEN,MUG,06/12/2019
BEN,NOR,06/12/2019
BEN,VET,06/12/2019
MAC,ARD,06/12/2019
BEN,FID,06/12/2019
BEN,MAC,07/12/2019
BEN,LIL,08/12/2019
BEN,JNO,08/12/2019
BEN,SAM,08/12/2019
URS,MAS,12/12/2019
URS,MAS,12/12/2019
URS,MAS,12/12/2019
URS,ONY,13/12/2019
URS,MUG,13/12/2019
URS,ABO,13/12/2019
URS,DAU,13/12/2019
URS,ONY,13/12/2019
URS,LIL,13/12/2019
URS,FID,13/12/2019
URS,ABO,13/12/2019
URS,ONY,13/12/2019
URS,JNO,13/12/2019
URS,ABO,13/12/2019
URS,LIL,13/12/2019
BEN,DAU,13/12/2019
BEN,DAU,13/12/2019
TAL,ABO,13/12/2019
TAL,FID,13/12/2019
TAL,KET,14/12/2019
BEN,DAU,16/12/2019
FID,MAC,20/12/2019
ALF,NOR,21/12/2019
BEN,BEN,22/12/2019
TRS,FID,22/12/2019
BEN,LKU,23/12/2019
BEN,ALF,23/12/2019
TAL,PHI,31/12/2019
BEN,MAS,02/01/2020
ABO,KET,05/01/2020
ABO,KET,05/01/2020
ABO,KET,05/01/2020
LOT,MON,06/01/2020
ILA,AND,07/01/2020
MAC,ILA,07/01/2020
DAU,MON,09/01/2020
BEN,MON,09/01/2020
BEN,MON,09/01/2020
GER,LIL,12/01/2020
GER,LIL,12/01/2020
GER,LIL,12/01/2020
BEN,KIP,12/01/2020
TAL,URS,13/01/2020
TAL,LAF,13/01/2020
BEN,LOT,15/01/2020
BEN,LOT,15/01/2020
BEN,KIP,15/01/2020
BEN,MAS,16/01/2020
BEN,PHI,16/01/2020
BEN,DAU,16/01/2020
BEN,ABO,16/01/2020
TAL,MAS,17/01/2020
BEN,NOR,17/01/2020
BEN,NOR,17/01/2020
BEN,NOR,17/01/2020
BEN,NOR,17/01/2020
BEN,NOR,17/01/2020
BEN,NOR,17/01/2020
BEN,NOR,17/01/2020
BEN,NOR,17/01/2020
ARD,LOT,18/01/2020
BEN,LAF,18/01/2020
TRS,KIP,18/01/2020
BEN,LAF,18/01/2020
TAL,LAF,18/01/2020
TAL,LAF,18/01/2020
MAC,PEN,18/01/2020
MAC,BAH,18/01/2020
TAL,LAF,19/01/2020
TAL,BAH,19/01/2020
TAL,MAS,19/01/2020
TAL,GER,19/01/2020
ILA,MAS,19/01/2020
TAL,NOR,19/01/2020
BEN,BAH,19/01/2020
BEN,LOT,19/01/2020
BEN,MAS,19/01/2020
BEN,FID,19/01/2020
BEN,LAN,19/01/2020
TRS,FID,22/01/2020
FID,KET,23/01/2020
FID,ARU,23/01/2020
FID,KID,23/01/2020
TAL,ALF,24/01/2020
BEN,DAU,24/01/2020
BEN,MIK,24/01/2020
BEN,MSD,24/01/2020
BEN,LAF,24/01/2020
BEN,MER,24/01/2020
FID,LIL,25/01/2020
TRS,FID,25/01/2020
TAL,FID,25/01/2020
SAM,PHI,26/01/2020
MAC,LAF,28/01/2020
MAC,ABO,28/01/2020
LAF,TAL,28/01/2020
TAL,LAF,28/01/2020
GER,LAF,28/01/2020
MAC,LAF,28/01/2020
BEN,LAF,28/01/2020
URS,LAF,29/01/2020
BEN,BAH,29/01/2020
MUG,AND,29/01/2020
MUG,TAT,29/01/2020
TRS,LIL,29/01/2020
TAL,TRS,29/01/2020
URS,TRS,29/01/2020
BEN,NOR,30/01/2020
BEN,NOR,30/01/2020
BEN,LAF,30/01/2020
BEN,FID,30/01/2020
BEN,MAS,31/01/2020
BEN,NOR,31/01/2020
BEN,MAS,31/01/2020
BEN,ABO,31/01/2020
BEN,SAM,31/01/2020
BEN,RAC,31/01/2020
TAL,ALF,02/02/2020
SAM,PEN,03/02/2020
KEV,DAU,05/02/2020
URS,DAU,05/02/2020
ILA,MON,05/02/2020
MAC,FID,06/02/2020
MAC,PHI,06/02/2020
GER,PHI,06/02/2020
GER,LAF,06/02/2020
ILA,MAS,07/02/2020
URS,MAS,07/02/2020
TRS,MON,07/02/2020
ALF,LIL,07/02/2020
ALF,ONY,08/02/2020
BEN,LAF,08/02/2020
CHN,LIL,08/02/2020
KEV,MAC,08/02/2020
KEV,LAF,09/02/2020
LAF,MON,09/02/2020
TRS,FID,09/02/2020
SAM,PEN,10/02/2020
TAL,AND,10/02/2020
TAL,DAU,10/02/2020
TAL,QEN,10/02/2020
TAL,LAF,10/02/2020
TAL,SAM,10/02/2020
TAL,LKU,10/02/2020
TAL,MAS,10/02/2020
TAL,RAC,10/02/2020
TAL,LOT,10/02/2020
TAL,RAC,10/02/2020
BEN,TRS,11/02/2020
TRS,LAF,11/02/2020
BEN,TRS,11/02/2020
BEN,TRS,11/02/2020
TRS,JNO,11/02/2020
TRS,LKU,11/02/2020
URS,ABO,12/02/2020
TRS,RAC,16/02/2020
TRS,AND,17/02/2020
TRS,AND,17/02/2020
GER,PHI,17/02/2020
GER,LIL,17/02/2020
BEN,NOR,18/02/2020
KEV,LAF,18/02/2020
TRS,LAF,18/02/2020
URS,TRS,19/02/2020
URS,NEV,19/02/2020
URS,MAS,20/02/2020
MAC,FID,21/02/2020
TIB,SPN,21/02/2020
TAL,LIR,23/02/2020
TAL,LIL,23/02/2020
TAL,PEN,23/02/2020
BEN,BEN,27/02/2020
BEN,AND,27/02/2020
BEN,PEN,27/02/2020
BEN,MON,27/02/2020
ILA,LKU,27/02/2020
BEN,ILA,27/02/2020
KEV,ILA,27/02/2020
MUG,ILA,28/02/2020
MAC,TAT,04/03/2020
BEN,LAF,05/03/2020
TRS,LAF,05/03/2020
BEN,LAF,05/03/2020
MAC,NOR,05/03/2020
BEN,MAC,05/03/2020
URS,MAC,05/03/2020
BEN,MAC,05/03/2020
TRS,MAS,05/03/2020
TAL,NOR,06/03/2020
TAL,MAS,06/03/2020
TAL,LAF,06/03/2020
TRS,PEN,09/03/2020
TRS,ARU,11/03/2020
ALF,MUG,24/03/2020
TRS,NOR,29/03/2020
BEN,NOR,03/04/2020
BEN,MAS,03/04/2020
BEN,ILA,11/04/2020
BEN,NOR,11/04/2020
BEN,MAS,11/04/2020
BEN,MAC,24/04/2020
MUG,MON,29/04/2020
BEN,MAC,29/04/2020
MAC,NOR,06/05/2020
MAC,NOR,06/05/2020
URS,MAC,06/05/2020
LAN,NAL,10/05/2020
LAN,NOR,10/05/2020
LAN,NOR,11/05/2020
DAU,KET,13/05/2020
BEN,KET,14/05/2020
BEN,MAC,16/05/2020
KEV,FID,28/05/2020
BEN,MAS,13/06/2020
BEN,LAF,16/06/2020
BEN,FID,16/06/2020
BEN,MAC,16/06/2020
BEN,TAL,16/06/2020
BEN,AND,16/06/2020
BEN,AND,16/06/2020
BEN,AND,16/06/2020
BEN,AND,16/06/2020
MAC,SDT,02/07/2020
ALF,MON,06/07/2020
MAC,AND,10/07/2020
BEN,ALF,20/07/2020
KEV,KET,30/07/2020
TAL,LAF,02/08/2020
TRS,LIL,12/08/2020
BEN,MAS,13/08/2020
BEN,MAS,13/08/2020
BEN,LIL,13/08/2020
BEN,LAF,13/08/2020
BEN,ALF,13/08/2020
BEN,CHN,13/08/2020
BEN,MAS,13/08/2020
KEV,LIL,13/08/2020
CHN,SAN,15/08/2020
BEN,MON,21/08/2020
CHN,GER,28/08/2020
ALF,JNO,06/09/2020
BEN,LAN,07/09/2020
MAC,KIP,24/09/2020
BEN,BEN,26/09/2020
TRS,ARU,01/10/2020
MAS,ARU,01/10/2020
DAU,BRT,02/10/2020
ALF,LIL,04/10/2020
KEV,MSD,05/10/2020
MAS,MSD,05/10/2020
KEV,MSD,05/10/2020
BEN,LAN,12/10/2020
BEN,FID,12/10/2020
BEN,FID,12/10/2020
BEN,RAC,12/10/2020
BEN,LAN,12/10/2020
BEN,ARU,12/10/2020
BEN,TRS,12/10/2020
BEN,AND,12/10/2020
BEN,MAS,12/10/2020
BEN,MAS,12/10/2020
TAL,LAF,16/10/2020
CHN,TAT,28/10/2020
BAH,TAT,28/10/2020
BAH,BRI,28/10/2020
BEN,LKU,31/10/2020
BEN,ARU,31/10/2020
TRS,MSD,03/11/2020
TRS,MSD,04/11/2020
ALF,ROB,09/11/2020
MUG,FID,11/11/2020
MAC,NOR,16/11/2020
SAM,NOR,16/11/2020
DAU,NOR,16/11/2020
DAU,NOR,16/11/2020
DAU,NOR,16/11/2020
LAF,MER,17/11/2020
SAM,JNO,24/11/2020
ILA,JNO,24/11/2020
ILA,JNO,24/11/2020
ABO,NOA,24/11/2020
DAU,LIL,08/12/2020
MAS,LKU,08/12/2020
BEN,LAN,09/12/2020
ALF,MUG,09/12/2020
BEN,LAN,09/12/2020
BEN,SDT,09/12/2020
URS,LAN,09/12/2020
BEN,MON,09/12/2020
BEN,MON,09/12/2020
BEN,PHI,09/12/2020
URS,JNO,12/12/2020
URS,LIL,12/12/2020
URS,ARD,12/12/2020
BEN,LKU,16/12/2020
ARU,BEN,16/12/2020
BEN,LKU,16/12/2020
BEN,ABO,16/12/2020
BEN,CHN,18/12/2020
DAU,MUG,18/12/2020
BEN,GER,18/12/2020
BEN,TRS,18/12/2020
BEN,FID,22/12/2020
BEN,BAH,22/12/2020
BEN,DAU,22/12/2020
BEN,LAF,22/12/2020
URS,SAM,27/12/2020
BEN,AND,30/12/2020
BEN,LAN,30/12/2020
BEN,SAM,30/12/2020
TRS,MAS,30/12/2020
TAL,TRS,30/12/2020
URS,TRS,30/12/2020
LAN,RIT,02/01/2021
ILA,NOR,03/01/2021
BEN,NOR,03/01/2021
DAU,NOR,03/01/2021
BEN,NOR,03/01/2021
BEN,LKU,03/01/2021
URS,SAM,03/01/2021
DAU,MAS,05/01/2021
DAU,ONY,05/01/2021
SAM,KET,05/01/2021
LAF,RAC,05/01/2021
ILA,MAS,06/01/2021
MAC,BRT,09/01/2021
BEN,MAS,09/01/2021
BEN,LAF,11/01/2021
NOR,DAU,11/01/2021
MAC,LKU,13/01/2021
BEN,NEV,13/01/2021
TRS,TIB,15/01/2021
TRS,ILA,15/01/2021
MAS,AND,15/01/2021
MAS,LKU,15/01/2021
BEN,LIL,16/01/2021
LAF,LIL,16/01/2021
DAU,LIL,16/01/2021
DAU,TAT,17/01/2021
LAF,TAT,17/01/2021
BEN,NOR,19/01/2021
ILA,FID,19/01/2021
URS,FID,19/01/2021
MUG,LIL,19/01/2021
TAL,JNO,20/01/2021
LAN,NOR,21/01/2021
URS,LAN,21/01/2021
MUG,ARD,22/01/2021
MUG,ARD,22/01/2021
BEN,MUG,22/01/2021
MUG,BEN,22/01/2021
ARD,MSD,22/01/2021
JNO,BRT,22/01/2021
ALF,MUG,22/01/2021
MUG,NOR,22/01/2021
URS,ILA,22/01/2021
BEN,MAC,25/01/2021
BEN,ONY,25/01/2021
BEN,NAL,25/01/2021
MUG,AND,25/01/2021
BEN,FID,25/01/2021
TAL,PHI,25/01/2021
KEV,FID,27/01/2021
CHN,ELI,31/01/2021
GER,JNO,01/02/2021
DAU,NOR,01/02/2021
TAL,LAF,01/02/2021
GER,LAF,01/02/2021
BEN,GER,01/02/2021
BEN,MUG,01/02/2021
DAU,LAF,01/02/2021
URS,NOR,01/02/2021
MAS,KET,01/02/2021
GER,KET,01/02/2021
TAL,NOR,01/02/2021
KEV,ARU,03/02/2021
KEV,AND,03/02/2021
BEN,MUG,03/02/2021
BEN,URS,03/02/2021
BEN,URS,03/02/2021
LAF,LKU,03/02/2021
TAL,PEN,03/02/2021
BEN,TRS,03/02/2021
BEN,JIN,03/02/2021
BEN,LAF,04/02/2021
MUG,PEN,04/02/2021
MAC,KET,04/02/2021
URS,KET,04/02/2021
MUG,MAS,05/02/2021
SAM,JNO,07/02/2021
GER,TAT,07/02/2021
TRS,AND,07/02/2021
CHN,LIR,07/02/2021
KEV,NEV,07/02/2021
TAL,ARU,08/02/2021
TAL,ARU,08/02/2021
BEN,NOR,08/02/2021
TAL,MON,08/02/2021
TRS,ONY,09/02/2021
KIP,JNO,09/02/2021
DAU,JNO,09/02/2021
BEN,ARD,10/02/2021
KEV,LAF,10/02/2021
ALF,JNO,11/02/2021
DAU,AND,12/02/2021
DAU,LOT,12/02/2021
MAC,LOT,13/02/2021
TRS,AND,13/02/2021
MUG,PHI,14/02/2021
BEN,TRS,14/02/2021
BEN,TRS,14/02/2021
KEV,LOT,14/02/2021
KEV,LAN,14/02/2021
MAC,LAN,14/02/2021
BEN,LAN,14/02/2021
BEN,TRS,14/02/2021
MAC,LAN,14/02/2021
CHN,PEN,14/02/2021
CHN,ONY,14/02/2021
TRS,LIR,15/02/2021
URS,PHI,15/02/2021
TAL,PHI,15/02/2021
TAL,LAF,15/02/2021
GER,LAF,15/02/2021
DAU,NEV,15/02/2021
DAU,NOA,15/02/2021
BEN,LAF,19/02/2021
MAC,FID,19/02/2021
BEN,LIL,19/02/2021
BEN,GER,19/02/2021
LAN,LIL,19/02/2021
TAL,LOT,19/02/2021
TAL,ONY,19/02/2021
TAL,JIN,19/02/2021
TAL,NOR,19/02/2021
MAC,LKU,22/02/2021
TAL,RIT,22/02/2021
JNO,ARD,22/02/2021
TAL,AND,22/02/2021
BEN,AND,22/02/2021
BEN,SAM,22/02/2021
MAC,AND,22/02/2021
BEN,JNO,22/02/2021
BEN,MUG,22/02/2021
TAL,TIB,22/02/2021
TAL,PHI,22/02/2021
CHN,MON,25/02/2021
BEN,LKU,26/02/2021
BEN,TRS,26/02/2021
ALF,NOR,26/02/2021
BEN,TRS,26/02/2021
BEN,NOR,26/02/2021
TAL,BRT,26/02/2021
TRS,KID,01/03/2021
DAU,PHI,01/03/2021
BEN,LAF,04/03/2021
PHI,RAC,07/03/2021
TAL,JNO,11/03/2021
TAL,FID,11/03/2021
FID,JNO,11/03/2021
TAL,JNO,11/03/2021
TAL,MON,11/03/2021
SAM,SAN,12/03/2021
BEN,LIL,12/03/2021
ROB,LAF,14/03/2021
ILA,LIL,14/03/2021
BEN,FID,15/03/2021
KEV,AND,16/03/2021
BEN,AND,16/03/2021
SAM,NOR,23/03/2021
SAM,NOR,23/03/2021
BEN,MAS,25/03/2021
BEN,ILA,31/03/2021
BEN,MAS,31/03/2021
BEN,ARU,08/04/2021
MAC,ILA,11/04/2021
MAC,ILA,11/04/2021
MAC,ONY,11/04/2021
BEN,LIL,20/04/2021
GER,LAF,20/04/2021
CHN,FID,11/05/2021
ILA,NEV,14/05/2021
MUG,LAF,15/05/2021
SAM,KET,16/05/2021
SAM,KIP,16/05/2021
BEN,KEV,16/05/2021
BEN,LAF,20/05/2021
BEN,CHN,20/05/2021
BEN,ILA,20/05/2021
BEN,ARU,28/05/2021
DAU,ALF,01/06/2021
BEN,MAS,08/06/2021
LAF,JNO,08/06/2021
DAU,LAF,08/06/2021
KEV,LAF,08/06/2021
MAS,DAU,11/06/2021
GER,BRT,11/06/2021
GER,BRT,11/06/2021
GER,AND,15/06/2021
MAC,AND,15/06/2021
MUG,LIL,16/06/2021
URS,ONY,16/06/2021
MUG,LIL,16/06/2021
URS,LAF,16/06/2021
SAM,TAT,16/06/2021
SAM,LIL,17/06/2021
SAM,MON,17/06/2021
SAM,KIP,17/06/2021
SAM,KIP,17/06/2021
URS,PHI,19/06/2021
URS,PEN,19/06/2021
URS,JIN,19/06/2021
URS,JIN,19/06/2021
MAC,KIP,20/06/2021
MAC,MAS,20/06/2021
MAC,LIL,20/06/2021
URS,MAC,20/06/2021
TAL,LOT,21/06/2021
DAU,RAC,21/06/2021
DAU,TAT,22/06/2021
GER,KIP,23/06/2021
BEN,LAF,23/06/2021
MAC,MON,23/06/2021
MAC,LKU,23/06/2021
GER,FID,23/06/2021
BEN,BRT,23/06/2021
BEN,MAC,23/06/2021
ALF,MAS,23/06/2021
BEN,BRT,26/06/2021
BEN,BRT,26/06/2021
GER,SAM,26/06/2021
MAS,PHI,27/06/2021
MAC,PHI,27/06/2021
FID,TAT,01/07/2021
NOR,TAT,01/07/2021
NAL,NOR,02/07/2021
GER,RAC,04/07/2021
BEN,TAL,08/07/2021
BEN,FID,08/07/2021
BEN,JNO,08/07/2021
BEN,LAF,08/07/2021
BEN,LAF,08/07/2021
BEN,ILA,08/07/2021
TAL,ILA,08/07/2021
ILA,JNO,08/07/2021
MUG,LIL,08/07/2021
FID,JNO,12/07/2021
MAC,MON,12/07/2021
SAM,JNO,13/07/2021
ILA,LKU,13/07/2021
URS,SAM,13/07/2021
URS,ILA,13/07/2021
URS,SAM,13/07/2021
ILA,JNO,13/07/2021
SAM,JNO,13/07/2021
ILA,LKU,13/07/2021
ILA,LKU,13/07/2021
SAM,JNO,13/07/2021
ILA,LKU,13/07/2021
SAM,JNO,13/07/2021
ILA,LKU,13/07/2021
LAF,LKU,14/07/2021
BEN,DAU,14/07/2021
BEN,DAU,14/07/2021
MAC,DAU,14/07/2021
BEN,DAU,14/07/2021
BEN,LIL,14/07/2021
BEN,BRT,14/07/2021
BEN,JNO,14/07/2021
BEN,JNO,14/07/2021
BEN,JNO,14/07/2021
BEN,LIL,14/07/2021
BEN,BRT,14/07/2021
BEN,JNO,14/07/2021
TAL,JIN,15/07/2021
ILA,KIP,19/07/2021
ILA,NOR,19/07/2021
ILA,NOR,19/07/2021
ILA,KIP,19/07/2021
KIP,BAH,19/07/2021
BEN,FID,19/07/2021
BEN,JIN,19/07/2021
BEN,MIK,19/07/2021
BEN,ILA,19/07/2021
ALF,KIP,19/07/2021
ALF,ROB,19/07/2021
BEN,KET,19/07/2021
ARD,KET,19/07/2021
BEN,DAU,19/07/2021
BEN,DAU,19/07/2021
BEN,DAU,19/07/2021
BEN,DAU,19/07/2021
ILA,KIL,21/07/2021
DAU,SAM,21/07/2021
SAM,JNO,21/07/2021
MAS,BRT,22/07/2021
MAC,MAS,22/07/2021
MAC,ONY,22/07/2021
ILA,LIL,23/07/2021
DAU,LAF,24/07/2021
DAU,KIL,24/07/2021
DAU,TAT,24/07/2021
BEN,MON,24/07/2021
FID,NOR,24/07/2021
DAU,MON,25/07/2021
BEN,AND,25/07/2021
BEN,PHI,25/07/2021
MAC,JNO,26/07/2021
ILA,BRT,26/07/2021
LAF,JNO,26/07/2021
MAC,LAF,26/07/2021
MAC,LAF,26/07/2021
MAC,LAM,26/07/2021
LAF,AND,26/07/2021
MAC,LIR,26/07/2021
BEN,LAF,26/07/2021
KEV,MAC,26/07/2021
MUG,LIL,26/07/2021
MUG,FID,26/07/2021
URS,FID,26/07/2021
LAF,URS,26/07/2021
MAC,LIL,26/07/2021
BEN,MAC,26/07/2021
URS,TAL,26/07/2021
URS,PEN,26/07/2021
SAM,MON,27/07/2021
SAM,BAH,27/07/2021
ILA,TAT,27/07/2021
SAM,BAH,27/07/2021
ILA,ONY,27/07/2021
ILA,KET,27/07/2021
ILA,MON,27/07/2021
ILA,AND,27/07/2021
SAM,JNO,27/07/2021
ILA,TAT,27/07/2021
SAM,TAT,27/07/2021
SAM,TAT,27/07/2021
TAL,BAH,27/07/2021
BEN,BRT,27/07/2021
BEN,TAT,27/07/2021
BEN,BAH,27/07/2021
BEN,BAH,27/07/2021
MAC,ILA,28/07/2021
MAC,NOR,28/07/2021
FID,LKU,29/07/2021
URS,LKU,29/07/2021
KEV,LKU,29/07/2021
MAC,MON,29/07/2021
MAC,FID,29/07/2021
KEV,LKU,29/07/2021
TAL,LKU,30/07/2021
DAU,NOR,01/08/2021
BEN,FID,02/08/2021
BEN,JIN,07/08/2021
LAN,BAH,09/08/2021
URS,DAU,10/08/2021
LAN,BAH,12/08/2021
LAN,AND,12/08/2021
GER,LKU,13/08/2021
BEN,ABO,13/08/2021
BEN,LIL,13/08/2021
BEN,MAC,13/08/2021
BEN,MAC,13/08/2021
BEN,MAC,13/08/2021
BEN,ILA,13/08/2021
GER,BRT,13/08/2021
BEN,GER,13/08/2021
BEN,GER,13/08/2021
MAC,AND,13/08/2021
BEN,MAC,13/08/2021
BEN,MAC,13/08/2021
TAL,LKU,20/08/2021
TAL,LIR,20/08/2021
TRS,LIR,20/08/2021
CHN,TIB,27/08/2021
TRS,AND,27/08/2021
TAL,NEV,29/08/2021
TAL,NEV,29/08/2021
BEN,MAS,30/08/2021
TRS,JNO,31/08/2021
BEN,TRS,31/08/2021
BEN,JNO,31/08/2021
ILA,AND,31/08/2021
ILA,RAC,31/08/2021
CHN,ARU,01/09/2021
BEN,JNO,09/09/2021
BEN,MAS,09/09/2021
BEN,MAS,09/09/2021
BEN,MUG,14/09/2021
MUG,PHI,20/09/2021
MAC,PHI,20/09/2021
MUG,PHI,20/09/2021
LAN,PHI,20/09/2021
MAC,PHI,20/09/2021
MUG,LAF,20/09/2021
MUG,ALF,20/09/2021
MUG,JNO,20/09/2021
TRS,PHI,20/09/2021
MUG,AND,22/09/2021
MAC,PHI,04/10/2021
MAC,LKU,04/10/2021
BEN,ALF,04/10/2021
BEN,LKU,04/10/2021
BEN,NOR,04/10/2021
BEN,LKU,04/10/2021
SAM,JNO,05/10/2021
TAL,JNO,05/10/2021
TAL,TRS,05/10/2021
BEN,SAM,05/10/2021
BEN,NEV,05/10/2021
BEN,FID,05/10/2021
BEN,LAF,05/10/2021
BEN,LAF,05/10/2021
BEN,TAL,05/10/2021
BEN,MAC,05/10/2021
BEN,FID,05/10/2021
BEN,BAR,06/10/2021
BEN,KIP,06/10/2021
BEN,FID,06/10/2021
BEN,BAR,06/10/2021
BEN,LAF,06/10/2021
BEN,NEV,06/10/2021
BEN,AND,06/10/2021
URS,LAF,07/10/2021
MAC,LIL,11/10/2021
BEN,TRS,11/10/2021
TRS,MAS,11/10/2021
MUG,MAS,11/10/2021
MUG,ALF,11/10/2021
BEN,LAF,11/10/2021
GER,PHI,16/10/2021
GER,LKU,16/10/2021
BEN,MAS,03/11/2021
BEN,LAF,03/11/2021
BEN,GER,03/11/2021
BEN,MAC,03/11/2021
SAM,PHI,04/11/2021
ILA,LAF,05/11/2021
ILA,BAH,05/11/2021
GER,PHI,05/11/2021
ILA,BAH,05/11/2021
ILA,PHI,05/11/2021
LAF,JNO,05/11/2021
MUG,LIL,06/11/2021
TAL,MAS,09/11/2021
BEN,MAS,09/11/2021
TAL,LIL,09/11/2021
TAL,LIL,09/11/2021
TAL,MAS,09/11/2021
TAL,CHP,09/11/2021
TAL,KET,09/11/2021
ILA,BEN,09/11/2021
KET,RAC,09/11/2021
ABO,KET,09/11/2021
ARD,PHI,10/11/2021
MUG,PHI,10/11/2021
TAL,LIL,10/11/2021
CHN,AND,10/11/2021
MAS,JNO,11/11/2021
DAU,KIP,13/11/2021
SAM,LIL,16/11/2021
SAM,LIL,16/11/2021
TRS,FID,19/11/2021
TRS,JNO,19/11/2021
URS,LIL,21/11/2021
LAF,AND,22/11/2021
DAU,JIN,22/11/2021
LAF,JIN,22/11/2021
DAU,JIN,22/11/2021
LAF,JIN,22/11/2021
GER,BRT,23/11/2021
GER,ROB,23/11/2021
MUG,NEV,24/11/2021
TRS,LAF,24/11/2021
TRS,LOT,24/11/2021
MUG,LIL,24/11/2021
MUG,LIL,28/11/2021
SAM,KID,28/11/2021
URS,JNO,29/11/2021
URS,FID,30/11/2021
SAM,RAC,30/11/2021
URS,FID,30/11/2021
URS,LAF,30/11/2021
MUG,ILA,30/11/2021
URS,NOR,02/12/2021
NOR,RAC,02/12/2021
BEN,BRT,04/12/2021
LAF,AND,05/12/2021
SAM,NOR,09/12/2021
MAC,NOR,09/12/2021
MUG,NOR,09/12/2021
MAS,NOR,12/12/2021
LAF,NOR,12/12/2021
ARD,PHI,12/12/2021
ARD,PHI,12/12/2021
ARD,ROB,12/12/2021
FID,NOR,12/12/2021
URS,PEN,14/12/2021
MAC,LAF,15/12/2021
SAM,AND,16/12/2021
URS,SAM,17/12/2021
TRS,FID,19/12/2021
SAM,RAC,20/12/2021
BEN,LKU,20/12/2021
BEN,LAF,20/12/2021
MAS,LKU,20/12/2021
MAC,JNO,21/12/2021
MAC,PHI,21/12/2021
ILA,PHI,21/12/2021
MAC,ILA,22/12/2021
BEN,MAS,22/12/2021
BEN,LIL,22/12/2021
BEN,MAC,22/12/2021
BEN,ARU,22/12/2021
BEN,ARU,22/12/2021
BEN,ARU,22/12/2021
BEN,FID,22/12/2021
BEN,MAS,22/12/2021
BEN,SAM,22/12/2021
TAL,BEN,22/12/2021
BEN,ILA,22/12/2021
BEN,FID,22/12/2021
BEN,MAS,22/12/2021
BEN,SAM,22/12/2021
TAL,ARU,22/12/2021
BEN,ARU,22/12/2021
BEN,ARU,22/12/2021
BEN,LIL,22/12/2021
BEN,ARU,22/12/2021
BEN,LIL,22/12/2021
BEN,AND,22/12/2021
BEN,AND,22/12/2021
BEN,AND,22/12/2021
TAL,LIL,22/12/2021
TAL,AND,22/12/2021
BEN,AND,22/12/2021
BEN,AND,22/12/2021
BEN,ARU,22/12/2021
BEN,ARU,22/12/2021
TAL,ARU,22/12/2021
BEN,LIL,22/12/2021
FID,KIP,23/12/2021
GER,RAC,23/12/2021
DAU,LIL,23/12/2021
LIL,BRT,23/12/2021
MAC,ARD,23/12/2021
PHI,NEV,23/12/2021
TAL,NEV,23/12/2021
URS,LAF,03/01/2022
MAC,MAS,10/01/2022
BEN,MAS,10/01/2022
BEN,LIL,10/01/2022
URS,MAS,11/01/2022
MAS,LIL,11/01/2022
TAL,MAS,11/01/2022
BEN,LIR,11/01/2022
MUG,MON,12/01/2022
TRS,BAR,12/01/2022
URS,BAH,12/01/2022
URS,PEN,12/01/2022
URS,PEN,12/01/2022
GER,KIP,13/01/2022
GER,KIP,13/01/2022
URS,LKU,13/01/2022
MUG,MAS,13/01/2022
DAU,NEV,13/01/2022
BEN,MAS,13/01/2022
BEN,MUG,13/01/2022
ARD,LAM,14/01/2022
ARD,LIL,14/01/2022
TRS,AND,14/01/2022
BEN,ARU,14/01/2022
BEN,TRS,14/01/2022
BEN,LKU,14/01/2022
BEN,FID,14/01/2022
TRS,LOT,15/01/2022
BEN,LAM,15/01/2022
LAM,DAU,15/01/2022
DAU,LAM,15/01/2022
DAU,PHI,15/01/2022
URS,LAF,15/01/2022
BEN,TRS,15/01/2022
BEN,URS,15/01/2022
TRS,ASM,16/01/2022
BEN,FID,16/01/2022
BEN,LKU,16/01/2022
BEN,FID,16/01/2022
BEN,TRS,16/01/2022
ALF,MON,16/01/2022
FID,KIP,16/01/2022
BEN,CHN,17/01/2022
BEN,LIR,17/01/2022
BEN,LIR,17/01/2022
CHN,LIR,17/01/2022
ABO,KID,19/01/2022
BEN,ILA,19/01/2022
BEN,ILA,20/01/2022
BEN,FID,20/01/2022
BEN,LKU,20/01/2022
FID,LKU,20/01/2022
MAC,JNO,20/01/2022
MAS,JNO,20/01/2022
MAS,JNO,20/01/2022
BEN,LAF,20/01/2022
DAU,NOR,20/01/2022
GER,ALF,20/01/2022
BEN,MAS,20/01/2022
MUG,ROB,21/01/2022
MAC,ARU,21/01/2022
TRS,PEN,23/01/2022
URS,PHI,23/01/2022
SAM,AND,24/01/2022
MAC,FID,24/01/2022
MUG,GER,24/01/2022
BEN,ALF,24/01/2022
BEN,MAS,24/01/2022
BEN,BRT,27/01/2022
BEN,AND,27/01/2022
BEN,ARU,27/01/2022
BEN,LAF,27/01/2022
BEN,MAS,27/01/2022
BEN,SAM,27/01/2022
BEN,DAU,27/01/2022
BEN,MAS,27/01/2022
BEN,MAS,27/01/2022
TAL,RAC,27/01/2022
BEN,MAC,27/01/2022
CHN,AND,27/01/2022
MAC,NEV,27/01/2022
ALF,LKU,27/01/2022
URS,LAN,27/01/2022
LAN,NEV,27/01/2022
DAU,LAF,27/01/2022
GER,ARU,27/01/2022
TRS,LAF,27/01/2022
TAL,TRS,27/01/2022
TRS,MON,27/01/2022
TRS,MON,27/01/2022
BEN,LKU,27/01/2022
BEN,MAC,27/01/2022
BEN,TRS,27/01/2022
BEN,LIR,27/01/2022
TRS,LAM,27/01/2022
MAC,DAI,27/01/2022
MUG,BRT,27/01/2022
BEN,ABO,27/01/2022
GER,ARU,27/01/2022
ALF,KIP,28/01/2022
URS,ONY,28/01/2022
DAU,JIN,28/01/2022
BEN,BRT,28/01/2022
BEN,LAF,28/01/2022
DAU,ILA,28/01/2022
AND,TAT,28/01/2022
MAC,KID,28/01/2022
BEN,NOR,28/01/2022
BEN,MAS,28/01/2022
MAC,BRT,28/01/2022
BEN,MAS,28/01/2022
BEN,TRS,28/01/2022
BEN,TRS,28/01/2022
TRS,AND,28/01/2022
LIL,KID,28/01/2022
MAS,KID,28/01/2022
BEN,PEN,29/01/2022
BEN,LKU,29/01/2022
LAN,LKU,29/01/2022
BEN,JNO,29/01/2022
BEN,FID,29/01/2022
SAM,LIL,31/01/2022
BEN,LAN,01/02/2022
BEN,LAF,01/02/2022
BEN,ALF,01/02/2022
URS,AKK,01/02/2022
MUG,LKU,01/02/2022
BEN,LKU,01/02/2022
BEN,PHI,01/02/2022
BEN,PEN,01/02/2022
FID,LIR,01/02/2022
BEN,LKU,01/02/2022
BEN,ONY,01/02/2022
MAS,PEN,02/02/2022
BEN,LIL,02/02/2022
BEN,MAS,02/02/2022
ALF,LIL,04/02/2022
LAF,LIL,04/02/2022
BEN,LAF,04/02/2022
BEN,NEV,04/02/2022
BEN,LIR,04/02/2022
ABO,JNO,05/02/2022
TRS,LIR,07/02/2022
MAC,LIR,07/02/2022
ABO,BRT,07/02/2022
ILA,LAF,07/02/2022
BEN,URS,07/02/2022
MAC,MAS,08/02/2022
BEN,RAC,08/02/2022
BEN,KID,08/02/2022
BEN,LKU,09/02/2022
BEN,ARU,09/02/2022
BEN,FID,09/02/2022
BEN,FID,09/02/2022
MUG,LKU,09/02/2022
URS,LAF,09/02/2022
URS,PHI,09/02/2022
ILA,AND,09/02/2022
BEN,LAF,09/02/2022
SAM,NEV,12/02/2022
DAU,LIL,14/02/2022
MAC,QEN,14/02/2022
LAN,QEN,14/02/2022
ARD,KIP,14/02/2022
TRS,FID,19/02/2022
MUG,JNO,19/02/2022
LIL,URS,19/02/2022
BEN,AKK,20/02/2022
BEN,MAS,20/02/2022
URS,MAS,20/02/2022
URS,MAS,20/02/2022
URS,MAS,20/02/2022
BEN,MAS,21/02/2022
BEN,MAS,21/02/2022
TRS,KID,21/02/2022
ILA,LOT,21/02/2022
DAU,KET,21/02/2022
GER,NOR,22/02/2022
BEN,LAF,22/02/2022
URS,LAF,22/02/2022
GER,NOR,22/02/2022
BEN,NOR,22/02/2022
URS,NOR,22/02/2022
FID,NOR,22/02/2022
BEN,AND,22/02/2022
MUG,AND,22/02/2022
SAM,ABO,24/02/2022
SAM,ABO,24/02/2022
URS,MAC,24/02/2022
MUG,LIL,24/02/2022
BEN,KET,25/02/2022
BEN,SAM,25/02/2022
BEN,SAM,25/02/2022
ARD,KID,26/02/2022
ILA,KID,26/02/2022
TRS,MAS,27/02/2022
TRS,LAF,27/02/2022
LAF,AND,27/02/2022
TRS,AND,27/02/2022
BEN,ARD,27/02/2022
BEN,MUG,27/02/2022
BEN,SAM,27/02/2022
ILA,LIL,27/02/2022
MUG,LIL,27/02/2022
MUG,FID,27/02/2022
MAC,LAF,28/02/2022
ABO,KET,09/03/2022
ABO,BRT,09/03/2022
ARD,ONY,09/03/2022
ABO,ONY,09/03/2022
ROB,ILA,09/03/2022
MUG,LAF,10/03/2022
URS,LKU,10/03/2022
LAF,GER,10/03/2022
AND,MAS,10/03/2022
BEN,FID,10/03/2022
LIR,LIR,10/03/2022
GER,LIR,10/03/2022
URS,PHI,10/03/2022
CHN,LKU,10/03/2022
URS,PHI,10/03/2022
URS,JNO,10/03/2022
DAU,LIL,10/03/2022
MUG,LIL,10/03/2022
CHN,LIL,10/03/2022
MUG,LIL,10/03/2022
URS,LAF,11/03/2022
BEN,URS,11/03/2022
BEN,MAS,11/03/2022
MUG,LAF,11/03/2022
MAC,NOR,11/03/2022
ALF,NOR,11/03/2022
BEN,FID,11/03/2022
BEN,LIL,11/03/2022
BEN,ONY,11/03/2022
MUG,LIR,11/03/2022
MUG,KET,11/03/2022
BEN,ILA,11/03/2022
DAU,JNO,11/03/2022
ABO,BRT,11/03/2022
URS,NOA,11/03/2022
LAF,AND,11/03/2022
BEN,SAM,11/03/2022
CHN,SAM,11/03/2022
URS,ILA,12/03/2022
DAU,JNO,12/03/2022
URS,MAS,12/03/2022
TRS,AND,12/03/2022
BEN,LAF,12/03/2022
BEN,FID,12/03/2022
BEN,DAU,14/03/2022
MUG,LAF,14/03/2022
MUG,ILA,15/03/2022
ALF,NOR,15/03/2022
BEN,KET,15/03/2022
BEN,NOR,15/03/2022
SAM,KID,15/03/2022
MUG,LIL,15/03/2022
MUG,LIL,15/03/2022
BEN,LAF,17/03/2022
GER,LAF,17/03/2022
BEN,LIL,17/03/2022
DAU,BRT,17/03/2022
BEN,LKU,17/03/2022
DAU,LIR,17/03/2022
DAU,ROB,17/03/2022
ALF,LAF,17/03/2022
SAM,JNO,17/03/2022
BEN,MAS,18/03/2022
LAF,NOR,18/03/2022
LAF,AND,18/03/2022
MUG,NOR,18/03/2022
LAF,NOR,18/03/2022
DAU,BAH,18/03/2022
GER,LIL,19/03/2022
GER,TRS,19/03/2022
BEN,BAH,21/03/2022
BEN,MAS,21/03/2022
MAS,ARD,22/03/2022
ILA,NOR,22/03/2022
MUG,LAF,22/03/2022
MUG,BAH,22/03/2022
DAU,AND,22/03/2022
ABO,BRT,22/03/2022
MAC,FID,24/03/2022
LAN,NOR,24/03/2022
BEN,JNO,24/03/2022
BEN,LAN,24/03/2022
BEN,MAS,24/03/2022
GER,MAS,24/03/2022
MUG,MAS,24/03/2022
BEN,FID,24/03/2022
BEN,NOR,24/03/2022
BEN,NOR,24/03/2022
ALF,RAC,27/03/2022
MAC,DAU,01/04/2022
MUG,PHI,02/04/2022
ALF,LIR,02/04/2022
ALF,SHY,02/04/2022
SAM,PHI,02/04/2022
ILA,MSD,05/04/2022
BEN,KID,05/04/2022
BEN,ILA,05/04/2022
ILA,JNO,14/04/2022
ILA,AND,14/04/2022
MAC,BAH,21/04/2022
URS,GER,23/04/2022
DAU,MAS,23/04/2022
LAN,NOR,23/04/2022
LAN,NOR,23/04/2022
SAM,NOA,23/04/2022
MAC,KET,28/04/2022
SAM,JNO,09/05/2022
MUG,JNO,09/05/2022
URS,JNO,09/05/2022
BEN,LIL,09/05/2022
RIT,KET,09/05/2022
CHN,PEN,11/05/2022
BEN,PEN,11/05/2022
MUG,PEN,11/05/2022
FID,JNO,11/05/2022
MUG,JNO,11/05/2022
MUG,LIL,11/05/2022
LIL,LKU,12/05/2022
DAU,MAS,12/05/2022
MUG,ROB,12/05/2022
MUG,LKU,13/05/2022
BEN,FID,16/05/2022
DAU,ARD,16/05/2022
BEN,MUG,17/05/2022
BEN,FID,17/05/2022
BEN,MUG,17/05/2022
BEN,ARD,17/05/2022
LAF,BRT,17/05/2022
BEN,ALF,17/05/2022
URS,LAN,18/05/2022
SAM,NOR,21/05/2022
SAM,KIP,21/05/2022
SAM,TAT,21/05/2022
DAU,JNO,22/05/2022
DAU,MON,22/05/2022
DAU,TAT,22/05/2022
CHN,JNO,22/05/2022
CHN,NOR,22/05/2022
CHN,NOR,22/05/2022
SAM,NOR,22/05/2022
SAM,NOR,22/05/2022
CHN,KET,22/05/2022
SAM,KET,22/05/2022
BEN,MAC,24/05/2022
MAC,JNO,24/05/2022
URS,BAH,27/05/2022
BEN,URS,31/05/2022
GER,ABO,31/05/2022
BEN,ABO,31/05/2022
BEN,FID,31/05/2022
MAC,BAH,02/06/2022
LAN,LKU,02/06/2022
BEN,ILA,02/06/2022
BEN,LAN,02/06/2022
BEN,FID,02/06/2022
DAU,KET,13/06/2022
TRS,LKU,16/06/2022
TRS,LKU,16/06/2022
ARD,JNO,02/07/2022
FID,JNO,02/07/2022
MUG,JNO,03/07/2022
BEN,ARU,14/07/2022
BEN,LAN,14/07/2022
ILA,RAC,14/07/2022
BEN,ALF,14/07/2022
SAM,NOR,14/07/2022
LAN,NOR,14/07/2022
BEN,SUL,14/07/2022
URS,SAM,14/07/2022
BEN,MAS,14/07/2022